video_name,tag
O306.jpg,O
E338.jpg,E
A341.jpg,A
X143.jpg,X
K126.jpg,K
K151.jpg,K
O178.jpg,O
N102.jpg,N
I185.jpg,I
R208.jpg,R
H92.jpg,H
C336.jpg,C
V231.jpg,V
W100.jpg,W
L272.jpg,L
I67.jpg,I
R123.jpg,R
R68.jpg,R
O315.jpg,O
W196.jpg,W
X286.jpg,X
B533.jpg,B
A185.jpg,A
M37.jpg,M
I50.jpg,I
G141.jpg,G
T255.jpg,T
A87.jpg,A
N11.jpg,N
J83.avi,J
T48.jpg,T
Q121.jpg,Q
B295.jpg,B
W145.jpg,W
I356.jpg,I
K19.jpg,K
W78.jpg,W
Y245.jpg,Y
A457.jpg,A
A165.jpg,A
O241.jpg,O
Y190.jpg,Y
L73.jpg,L
P167.jpg,P
N206.jpg,N
A505.jpg,A
K224.jpg,K
J2.avi,J
K201.jpg,K
N249.jpg,N
E474.jpg,E
S98.jpg,S
P27.jpg,P
A354.jpg,A
U159.jpg,U
B368.jpg,B
R77.jpg,R
M214.jpg,M
M264.jpg,M
C345.jpg,C
Y165.jpg,Y
B11.jpg,B
E87.jpg,E
S175.jpg,S
F412.jpg,F
R56.jpg,R
A290.jpg,A
M151.jpg,M
V229.jpg,V
O84.jpg,O
Z199.avi,Z
O240.jpg,O
K119.jpg,K
A47.jpg,A
E173.jpg,E
Q122.jpg,Q
I343.jpg,I
Y227.jpg,Y
W29.jpg,W
C376.jpg,C
X158.jpg,X
R40.jpg,R
U138.jpg,U
S254.jpg,S
L327.jpg,L
S185.jpg,S
X147.jpg,X
E435.jpg,E
C107.jpg,C
S66.jpg,S
X218.jpg,X
V243.jpg,V
E110.jpg,E
R227.jpg,R
R73.jpg,R
R0.jpg,R
L279.jpg,L
D164.jpg,D
B119.jpg,B
J42.avi,J
Z192.avi,Z
E164.jpg,E
Q80.jpg,Q
G5.jpg,G
A116.jpg,A
U113.jpg,U
G153.jpg,G
G84.jpg,G
B207.jpg,B
N143.jpg,N
Y151.jpg,Y
S115.jpg,S
B4.jpg,B
S123.jpg,S
W169.jpg,W
P30.jpg,P
F119.jpg,F
Z313.avi,Z
V233.jpg,V
T207.jpg,T
B325.jpg,B
H89.jpg,H
D130.jpg,D
W180.jpg,W
Z40.avi,Z
X93.jpg,X
H285.jpg,H
R53.jpg,R
L56.jpg,L
S215.jpg,S
E195.jpg,E
E83.jpg,E
P193.jpg,P
Q83.jpg,Q
G166.jpg,G
S297.jpg,S
K167.jpg,K
S62.jpg,S
A68.jpg,A
A225.jpg,A
D376.jpg,D
F373.jpg,F
I212.jpg,I
I83.jpg,I
F309.jpg,F
A136.jpg,A
N113.jpg,N
Z359.avi,Z
U33.jpg,U
W186.jpg,W
D197.jpg,D
U45.jpg,U
O126.jpg,O
L190.jpg,L
T19.jpg,T
D44.jpg,D
C234.jpg,C
H7.jpg,H
T246.jpg,T
B362.jpg,B
G40.jpg,G
A34.jpg,A
A29.jpg,A
W30.jpg,W
D17.jpg,D
N214.jpg,N
X208.jpg,X
N144.jpg,N
O31.jpg,O
B320.jpg,B
H57.jpg,H
H113.jpg,H
N9.jpg,N
V17.jpg,V
E277.jpg,E
J290.avi,J
M176.jpg,M
Z120.avi,Z
E422.jpg,E
E457.jpg,E
D185.jpg,D
P201.jpg,P
G213.jpg,G
J282.avi,J
B226.jpg,B
Z161.avi,Z
Z169.avi,Z
Y62.jpg,Y
V197.jpg,V
K22.jpg,K
L208.jpg,L
V90.jpg,V
T139.jpg,T
C339.jpg,C
B148.jpg,B
F267.jpg,F
L54.jpg,L
Z111.avi,Z
W309.jpg,W
D220.jpg,D
R162.jpg,R
B506.jpg,B
V258.jpg,V
X159.jpg,X
X76.jpg,X
M180.jpg,M
G41.jpg,G
H147.jpg,H
N137.jpg,N
U189.jpg,U
Y147.jpg,Y
D313.jpg,D
A328.jpg,A
O15.jpg,O
F115.jpg,F
J116.avi,J
G162.jpg,G
L216.jpg,L
I320.jpg,I
G194.jpg,G
D248.jpg,D
V182.jpg,V
B399.jpg,B
F206.jpg,F
G286.jpg,G
B477.jpg,B
E215.jpg,E
Y71.jpg,Y
A213.jpg,A
Q41.jpg,Q
X207.jpg,X
W99.jpg,W
G314.jpg,G
D195.jpg,D
W187.jpg,W
J12.avi,J
O121.jpg,O
M45.jpg,M
O130.jpg,O
Q44.jpg,Q
C275.jpg,C
E170.jpg,E
W104.jpg,W
B144.jpg,B
T179.jpg,T
Q233.jpg,Q
L59.jpg,L
V9.jpg,V
G31.jpg,G
E1.jpg,E
S256.jpg,S
B66.jpg,B
R182.jpg,R
T188.jpg,T
F301.jpg,F
K77.jpg,K
F264.jpg,F
D138.jpg,D
E282.jpg,E
Q250.jpg,Q
B315.jpg,B
U90.jpg,U
W115.jpg,W
U164.jpg,U
D306.jpg,D
C281.jpg,C
L162.jpg,L
C39.jpg,C
Q154.jpg,Q
P131.jpg,P
N99.jpg,N
W25.jpg,W
I93.jpg,I
B339.jpg,B
O119.jpg,O
C8.jpg,C
Y124.jpg,Y
Q105.jpg,Q
M32.jpg,M
Q66.jpg,Q
T107.jpg,T
U178.jpg,U
O226.jpg,O
M273.jpg,M
E437.jpg,E
G63.jpg,G
O93.jpg,O
E287.jpg,E
V29.jpg,V
K105.jpg,K
E18.jpg,E
I341.jpg,I
W174.jpg,W
R62.jpg,R
W150.jpg,W
S158.jpg,S
U41.jpg,U
H354.jpg,H
R232.jpg,R
F283.jpg,F
F203.jpg,F
A478.jpg,A
H182.jpg,H
W198.jpg,W
K155.jpg,K
F197.jpg,F
N61.jpg,N
H91.jpg,H
W123.jpg,W
Z307.avi,Z
H335.jpg,H
V198.jpg,V
D37.jpg,D
I340.jpg,I
A158.jpg,A
O237.jpg,O
Z17.avi,Z
H161.jpg,H
N211.jpg,N
B513.jpg,B
Y192.jpg,Y
C55.jpg,C
X11.jpg,X
N26.jpg,N
S263.jpg,S
R268.jpg,R
V199.jpg,V
I339.jpg,I
G222.jpg,G
S106.jpg,S
A279.jpg,A
V259.jpg,V
Y52.jpg,Y
F249.jpg,F
E93.jpg,E
U86.jpg,U
E22.jpg,E
H185.jpg,H
Z318.avi,Z
G306.jpg,G
A278.jpg,A
M84.jpg,M
X145.jpg,X
Y313.jpg,Y
Y273.jpg,Y
D60.jpg,D
S184.jpg,S
U216.jpg,U
L65.jpg,L
L118.jpg,L
L269.jpg,L
W306.jpg,W
E385.jpg,E
I351.jpg,I
O274.jpg,O
I207.jpg,I
T18.jpg,T
S100.jpg,S
T158.jpg,T
A109.jpg,A
B371.jpg,B
K166.jpg,K
Z259.avi,Z
V97.jpg,V
P211.jpg,P
O272.jpg,O
G299.jpg,G
C259.jpg,C
H208.jpg,H
J216.avi,J
M270.jpg,M
Y254.jpg,Y
D189.jpg,D
Y157.jpg,Y
B90.jpg,B
M192.jpg,M
O138.jpg,O
B32.jpg,B
O24.jpg,O
I166.jpg,I
A385.jpg,A
Z215.avi,Z
L96.jpg,L
Q225.jpg,Q
Z14.avi,Z
D128.jpg,D
G131.jpg,G
Z261.avi,Z
H247.jpg,H
W341.jpg,W
N118.jpg,N
M203.jpg,M
F74.jpg,F
A132.jpg,A
J143.avi,J
K235.jpg,K
B133.jpg,B
W286.jpg,W
O314.jpg,O
S150.jpg,S
N75.jpg,N
L340.jpg,L
J223.avi,J
D338.jpg,D
U187.jpg,U
E360.jpg,E
Y305.jpg,Y
B423.jpg,B
X249.jpg,X
G328.jpg,G
R26.jpg,R
C95.jpg,C
E108.jpg,E
T137.jpg,T
Z193.avi,Z
V82.jpg,V
X216.jpg,X
E373.jpg,E
X160.jpg,X
A501.jpg,A
A413.jpg,A
T232.jpg,T
U269.jpg,U
Z378.avi,Z
W7.jpg,W
B118.jpg,B
E171.jpg,E
A275.jpg,A
E429.jpg,E
C226.jpg,C
U253.jpg,U
F261.jpg,F
R138.jpg,R
Z326.avi,Z
P194.jpg,P
N225.jpg,N
J295.avi,J
C169.jpg,C
F172.jpg,F
E469.jpg,E
B46.jpg,B
S291.jpg,S
H164.jpg,H
L165.jpg,L
Z3.avi,Z
E186.jpg,E
Y74.jpg,Y
G10.jpg,G
B49.jpg,B
L75.jpg,L
Y145.jpg,Y
A376.jpg,A
A424.jpg,A
L187.jpg,L
X223.jpg,X
E101.jpg,E
V54.jpg,V
A492.jpg,A
E314.jpg,E
O332.jpg,O
V153.jpg,V
Z352.avi,Z
T10.jpg,T
R276.jpg,R
I102.jpg,I
J263.avi,J
O146.jpg,O
V196.jpg,V
Z127.avi,Z
A490.jpg,A
K93.jpg,K
B124.jpg,B
W82.jpg,W
A125.jpg,A
Z279.avi,Z
T218.jpg,T
R112.jpg,R
J173.avi,J
N130.jpg,N
A419.jpg,A
Y92.jpg,Y
X301.jpg,X
K10.jpg,K
L157.jpg,L
F296.jpg,F
M53.jpg,M
R24.jpg,R
Y69.jpg,Y
R198.jpg,R
W322.jpg,W
W313.jpg,W
U135.jpg,U
T192.jpg,T
O133.jpg,O
U174.jpg,U
T83.jpg,T
F305.jpg,F
C58.jpg,C
E131.jpg,E
C335.jpg,C
D34.jpg,D
Z41.avi,Z
W280.jpg,W
E330.jpg,E
D341.jpg,D
V174.jpg,V
I38.jpg,I
A357.jpg,A
L11.jpg,L
Z43.avi,Z
M172.jpg,M
V85.jpg,V
Q45.jpg,Q
Y105.jpg,Y
D113.jpg,D
W191.jpg,W
U270.jpg,U
H181.jpg,H
Z118.avi,Z
B285.jpg,B
U119.jpg,U
O291.jpg,O
G181.jpg,G
X293.jpg,X
E92.jpg,E
K100.jpg,K
S1.jpg,S
M127.jpg,M
Q218.jpg,Q
F260.jpg,F
V23.jpg,V
U6.jpg,U
U63.jpg,U
A461.jpg,A
D30.jpg,D
I347.jpg,I
Y12.jpg,Y
C123.jpg,C
A174.jpg,A
O89.jpg,O
B415.jpg,B
L335.jpg,L
O225.jpg,O
N79.jpg,N
M144.jpg,M
H101.jpg,H
V280.jpg,V
W217.jpg,W
Q270.jpg,Q
O117.jpg,O
G64.jpg,G
R102.jpg,R
B192.jpg,B
B430.jpg,B
C297.jpg,C
B314.jpg,B
O295.jpg,O
L149.jpg,L
A330.jpg,A
D240.jpg,D
H35.jpg,H
N97.jpg,N
V25.jpg,V
V100.jpg,V
H329.jpg,H
W149.jpg,W
Z327.avi,Z
M18.jpg,M
C16.jpg,C
B157.jpg,B
N191.jpg,N
F339.jpg,F
Y33.jpg,Y
F362.jpg,F
D124.jpg,D
R237.jpg,R
K275.jpg,K
C90.jpg,C
C334.jpg,C
D111.jpg,D
C22.jpg,C
W299.jpg,W
B480.jpg,B
O311.jpg,O
F2.jpg,F
T56.jpg,T
K140.jpg,K
I244.jpg,I
N207.jpg,N
U9.jpg,U
C1.jpg,C
S4.jpg,S
C340.jpg,C
A509.jpg,A
Y311.jpg,Y
A201.jpg,A
A210.jpg,A
W153.jpg,W
X276.jpg,X
L121.jpg,L
W140.jpg,W
W152.jpg,W
G47.jpg,G
H352.jpg,H
E335.jpg,E
V303.jpg,V
P149.jpg,P
E458.jpg,E
J70.avi,J
L232.jpg,L
Q39.jpg,Q
Y41.jpg,Y
F338.jpg,F
Z291.avi,Z
X167.jpg,X
Y241.jpg,Y
E248.jpg,E
O12.jpg,O
Y20.jpg,Y
L215.jpg,L
L311.jpg,L
D260.jpg,D
O25.jpg,O
T36.jpg,T
M1.jpg,M
T212.jpg,T
O150.jpg,O
O322.jpg,O
H232.jpg,H
S29.jpg,S
Y307.jpg,Y
B537.jpg,B
X110.jpg,X
I282.jpg,I
G72.jpg,G
Y203.jpg,Y
M247.jpg,M
O254.jpg,O
X30.jpg,X
I127.jpg,I
G34.jpg,G
M230.jpg,M
A147.jpg,A
O157.jpg,O
N71.jpg,N
R243.jpg,R
R39.jpg,R
B324.jpg,B
F134.jpg,F
B198.jpg,B
G93.jpg,G
L23.jpg,L
Q131.jpg,Q
R148.jpg,R
V72.jpg,V
C368.jpg,C
S24.jpg,S
O264.jpg,O
C384.jpg,C
K254.jpg,K
E104.jpg,E
F390.jpg,F
B512.jpg,B
J158.avi,J
G163.jpg,G
C306.jpg,C
E343.jpg,E
S133.jpg,S
A31.jpg,A
E68.jpg,E
E182.jpg,E
X304.jpg,X
I195.jpg,I
F222.jpg,F
J272.avi,J
E239.jpg,E
P57.jpg,P
E263.jpg,E
X117.jpg,X
W161.jpg,W
O137.jpg,O
C17.jpg,C
E189.jpg,E
Z286.avi,Z
B534.jpg,B
F391.jpg,F
T280.jpg,T
L50.jpg,L
H242.jpg,H
A402.jpg,A
E202.jpg,E
E295.jpg,E
Q11.jpg,Q
F67.jpg,F
Z325.avi,Z
L273.jpg,L
V250.jpg,V
I70.jpg,I
K35.jpg,K
Z393.avi,Z
E464.jpg,E
F94.jpg,F
A54.jpg,A
F31.jpg,F
P62.jpg,P
E67.jpg,E
S45.jpg,S
M150.jpg,M
D209.jpg,D
J299.avi,J
D241.jpg,D
D284.jpg,D
T259.jpg,T
K298.jpg,K
F234.jpg,F
E288.jpg,E
L112.jpg,L
W108.jpg,W
J62.avi,J
R20.jpg,R
E301.jpg,E
U109.jpg,U
E132.jpg,E
E20.jpg,E
K304.jpg,K
L246.jpg,L
Y181.jpg,Y
Z272.avi,Z
J163.avi,J
T92.jpg,T
F129.jpg,F
B265.jpg,B
K57.jpg,K
C268.jpg,C
D347.jpg,D
W224.jpg,W
F142.jpg,F
T166.jpg,T
V164.jpg,V
B166.jpg,B
W225.jpg,W
Q245.jpg,Q
M10.jpg,M
H206.jpg,H
L326.jpg,L
F7.jpg,F
O170.jpg,O
M256.jpg,M
E156.jpg,E
N147.jpg,N
Y103.jpg,Y
Z336.avi,Z
H234.jpg,H
D155.jpg,D
B100.jpg,B
K59.jpg,K
K16.jpg,K
D243.jpg,D
A62.jpg,A
Y230.jpg,Y
E304.jpg,E
K87.jpg,K
J72.avi,J
I312.jpg,I
B304.jpg,B
V226.jpg,V
J31.avi,J
V74.jpg,V
S293.jpg,S
D352.jpg,D
H18.jpg,H
O267.jpg,O
A286.jpg,A
O168.jpg,O
V329.jpg,V
D14.jpg,D
J184.avi,J
E57.jpg,E
Z214.avi,Z
M6.jpg,M
G195.jpg,G
F174.jpg,F
H265.jpg,H
Q134.jpg,Q
W340.jpg,W
O140.jpg,O
H237.jpg,H
J96.avi,J
D140.jpg,D
X190.jpg,X
V70.jpg,V
Z35.avi,Z
G225.jpg,G
A417.jpg,A
U20.jpg,U
L31.jpg,L
M11.jpg,M
Z182.avi,Z
L244.jpg,L
Y294.jpg,Y
A64.jpg,A
W75.jpg,W
D110.jpg,D
B142.jpg,B
L34.jpg,L
R18.jpg,R
D72.jpg,D
C317.jpg,C
G132.jpg,G
C328.jpg,C
U80.jpg,U
Y175.jpg,Y
R50.jpg,R
G91.jpg,G
T59.jpg,T
X263.jpg,X
N39.jpg,N
U120.jpg,U
Y97.jpg,Y
E402.jpg,E
Y204.jpg,Y
G150.jpg,G
D213.jpg,D
B102.jpg,B
I229.jpg,I
Z367.avi,Z
C298.jpg,C
A129.jpg,A
A76.jpg,A
G249.jpg,G
J189.avi,J
P48.jpg,P
U71.jpg,U
G307.jpg,G
D125.jpg,D
D285.jpg,D
S79.jpg,S
V50.jpg,V
M221.jpg,M
B131.jpg,B
W332.jpg,W
Z284.avi,Z
N110.jpg,N
I177.jpg,I
V221.jpg,V
D36.jpg,D
A73.jpg,A
O107.jpg,O
V140.jpg,V
C115.jpg,C
U217.jpg,U
U36.jpg,U
H184.jpg,H
D345.jpg,D
U258.jpg,U
K194.jpg,K
Y140.jpg,Y
P15.jpg,P
V336.jpg,V
F211.jpg,F
F331.jpg,F
L47.jpg,L
M187.jpg,M
B183.jpg,B
X140.jpg,X
F413.jpg,F
F177.jpg,F
Q3.jpg,Q
R174.jpg,R
J110.avi,J
O366.jpg,O
M226.jpg,M
R145.jpg,R
O293.jpg,O
Q24.jpg,Q
A429.jpg,A
D109.jpg,D
L148.jpg,L
C148.jpg,C
A470.jpg,A
B472.jpg,B
B501.jpg,B
O209.jpg,O
O369.jpg,O
A390.jpg,A
B466.jpg,B
L68.jpg,L
U155.jpg,U
D317.jpg,D
R119.jpg,R
C49.jpg,C
I192.jpg,I
O1.jpg,O
E109.jpg,E
A228.jpg,A
M20.jpg,M
B358.jpg,B
S74.jpg,S
J109.avi,J
L332.jpg,L
O97.jpg,O
E60.jpg,E
Z26.avi,Z
P177.jpg,P
Z347.avi,Z
C116.jpg,C
F209.jpg,F
L228.jpg,L
U73.jpg,U
N254.jpg,N
L38.jpg,L
Q211.jpg,Q
C138.jpg,C
A538.jpg,A
H142.jpg,H
E283.jpg,E
K229.jpg,K
F371.jpg,F
P24.jpg,P
E306.jpg,E
B298.jpg,B
U176.jpg,U
K311.jpg,K
J214.avi,J
J307.avi,J
G294.jpg,G
J293.avi,J
Q226.jpg,Q
S183.jpg,S
N208.jpg,N
B97.jpg,B
X113.jpg,X
A311.jpg,A
E384.jpg,E
T146.jpg,T
G192.jpg,G
G285.jpg,G
F400.jpg,F
W24.jpg,W
R141.jpg,R
S117.jpg,S
X141.jpg,X
A414.jpg,A
G274.jpg,G
C171.jpg,C
C329.jpg,C
K294.jpg,K
X171.jpg,X
L209.jpg,L
M62.jpg,M
S59.jpg,S
A321.jpg,A
M93.jpg,M
H188.jpg,H
C81.jpg,C
B53.jpg,B
S290.jpg,S
V327.jpg,V
U53.jpg,U
Z260.avi,Z
A404.jpg,A
N6.jpg,N
V247.jpg,V
F292.jpg,F
G169.jpg,G
Z93.avi,Z
N32.jpg,N
E344.jpg,E
C385.jpg,C
U35.jpg,U
Z135.avi,Z
W45.jpg,W
Y274.jpg,Y
S239.jpg,S
N141.jpg,N
V8.jpg,V
Y208.jpg,Y
O246.jpg,O
P80.jpg,P
L36.jpg,L
L35.jpg,L
O248.jpg,O
R219.jpg,R
U12.jpg,U
M87.jpg,M
B165.jpg,B
T186.jpg,T
C10.jpg,C
X135.jpg,X
H333.jpg,H
Y152.jpg,Y
M161.jpg,M
F227.jpg,F
T76.jpg,T
D27.jpg,D
D217.jpg,D
D20.jpg,D
O16.jpg,O
W297.jpg,W
U127.jpg,U
D326.jpg,D
N274.jpg,N
H239.jpg,H
I13.jpg,I
X41.jpg,X
S22.jpg,S
T210.jpg,T
R288.jpg,R
P59.jpg,P
V282.jpg,V
H287.jpg,H
B450.jpg,B
T101.jpg,T
S0.jpg,S
S285.jpg,S
E96.jpg,E
U218.jpg,U
L283.jpg,L
S268.jpg,S
A168.jpg,A
Z162.avi,Z
D316.jpg,D
O47.jpg,O
M95.jpg,M
J21.avi,J
V309.jpg,V
Y184.jpg,Y
A113.jpg,A
T103.jpg,T
L321.jpg,L
L222.jpg,L
Q146.jpg,Q
I115.jpg,I
J204.avi,J
W267.jpg,W
P152.jpg,P
K257.jpg,K
G320.jpg,G
J123.avi,J
L322.jpg,L
K41.jpg,K
Z269.avi,Z
O275.jpg,O
E238.jpg,E
S138.jpg,S
P35.jpg,P
Z338.avi,Z
I99.jpg,I
S289.jpg,S
P154.jpg,P
Q32.jpg,Q
P84.jpg,P
X128.jpg,X
M52.jpg,M
X267.jpg,X
V83.jpg,V
F48.jpg,F
A281.jpg,A
Q56.jpg,Q
H263.jpg,H
R122.jpg,R
C162.jpg,C
G118.jpg,G
V317.jpg,V
X33.jpg,X
B121.jpg,B
G86.jpg,G
F254.jpg,F
W26.jpg,W
T9.jpg,T
R264.jpg,R
A167.jpg,A
H353.jpg,H
W68.jpg,W
Y126.jpg,Y
B403.jpg,B
P103.jpg,P
F40.jpg,F
R27.jpg,R
I196.jpg,I
N275.jpg,N
L126.jpg,L
Z322.avi,Z
X38.jpg,X
P10.jpg,P
Z208.avi,Z
N240.jpg,N
X195.jpg,X
S149.jpg,S
A159.jpg,A
T195.jpg,T
O81.jpg,O
H38.jpg,H
L74.jpg,L
D120.jpg,D
E178.jpg,E
P77.jpg,P
P70.jpg,P
F19.jpg,F
R5.jpg,R
X105.jpg,X
O243.jpg,O
I39.jpg,I
D83.jpg,D
L123.jpg,L
I277.jpg,I
F279.jpg,F
A28.jpg,A
P9.jpg,P
A423.jpg,A
M169.jpg,M
N149.jpg,N
F273.jpg,F
F49.jpg,F
J121.avi,J
U140.jpg,U
D152.jpg,D
C308.jpg,C
R163.jpg,R
K12.jpg,K
Z295.avi,Z
G105.jpg,G
A223.jpg,A
A249.jpg,A
Q103.jpg,Q
I9.jpg,I
F380.jpg,F
N286.jpg,N
U81.jpg,U
B302.jpg,B
K191.jpg,K
M218.jpg,M
H343.jpg,H
H272.jpg,H
I11.jpg,I
S93.jpg,S
I63.jpg,I
D160.jpg,D
F33.jpg,F
D177.jpg,D
C4.jpg,C
F386.jpg,F
I145.jpg,I
Z110.avi,Z
F248.jpg,F
Q200.jpg,Q
I162.jpg,I
O329.jpg,O
S23.jpg,S
N84.jpg,N
B311.jpg,B
D364.jpg,D
F168.jpg,F
N176.jpg,N
Y7.jpg,Y
Q237.jpg,Q
Q23.jpg,Q
H290.jpg,H
C381.jpg,C
H221.jpg,H
S64.jpg,S
J206.avi,J
X230.jpg,X
V81.jpg,V
U272.jpg,U
G161.jpg,G
Y210.jpg,Y
G173.jpg,G
M15.jpg,M
O175.jpg,O
Y56.jpg,Y
N248.jpg,N
R248.jpg,R
K171.jpg,K
F397.jpg,F
Z55.avi,Z
J224.avi,J
B540.jpg,B
D143.jpg,D
F111.jpg,F
A276.jpg,A
U39.jpg,U
B143.jpg,B
J286.avi,J
L82.jpg,L
A230.jpg,A
S261.jpg,S
E181.jpg,E
T265.jpg,T
Z151.avi,Z
T217.jpg,T
T238.jpg,T
L170.jpg,L
B514.jpg,B
S159.jpg,S
R229.jpg,R
H120.jpg,H
T73.jpg,T
X194.jpg,X
U191.jpg,U
B322.jpg,B
P147.jpg,P
F407.jpg,F
B462.jpg,B
Z234.avi,Z
B440.jpg,B
W92.jpg,W
M207.jpg,M
T160.jpg,T
Q227.jpg,Q
Q141.jpg,Q
C355.jpg,C
N259.jpg,N
N175.jpg,N
C364.jpg,C
D204.jpg,D
E483.jpg,E
X264.jpg,X
M260.jpg,M
J76.avi,J
O255.jpg,O
L339.jpg,L
Y163.jpg,Y
B525.jpg,B
N243.jpg,N
O187.jpg,O
E14.jpg,E
X63.jpg,X
Z144.avi,Z
Z221.avi,Z
A53.jpg,A
O58.jpg,O
I242.jpg,I
L336.jpg,L
M198.jpg,M
W41.jpg,W
C207.jpg,C
E35.jpg,E
Y263.jpg,Y
F76.jpg,F
F275.jpg,F
S294.jpg,S
X77.jpg,X
T13.jpg,T
N204.jpg,N
O345.jpg,O
Y31.jpg,Y
T143.jpg,T
Z251.avi,Z
D337.jpg,D
Y159.jpg,Y
P207.jpg,P
Y200.jpg,Y
V318.jpg,V
Q74.jpg,Q
L212.jpg,L
H275.jpg,H
M7.jpg,M
F330.jpg,F
W35.jpg,W
F419.jpg,F
B398.jpg,B
I132.jpg,I
B69.jpg,B
R240.jpg,R
M275.jpg,M
I306.jpg,I
A231.jpg,A
G177.jpg,G
Q178.jpg,Q
R66.jpg,R
K312.jpg,K
B410.jpg,B
B344.jpg,B
E466.jpg,E
F388.jpg,F
N123.jpg,N
G139.jpg,G
L185.jpg,L
X103.jpg,X
B115.jpg,B
Y100.jpg,Y
J215.avi,J
S111.jpg,S
L254.jpg,L
K196.jpg,K
B508.jpg,B
P212.jpg,P
V227.jpg,V
K48.jpg,K
V14.jpg,V
H294.jpg,H
I43.jpg,I
J17.avi,J
H43.jpg,H
N237.jpg,N
Z173.avi,Z
F369.jpg,F
V215.jpg,V
W61.jpg,W
A106.jpg,A
P94.jpg,P
E86.jpg,E
U215.jpg,U
K73.jpg,K
F280.jpg,F
C82.jpg,C
Y27.jpg,Y
C28.jpg,C
Q36.jpg,Q
W15.jpg,W
M75.jpg,M
O260.jpg,O
I184.jpg,I
L195.jpg,L
K258.jpg,K
F95.jpg,F
F194.jpg,F
T171.jpg,T
S87.jpg,S
Y297.jpg,Y
D73.jpg,D
M61.jpg,M
E42.jpg,E
M146.jpg,M
O320.jpg,O
B92.jpg,B
E193.jpg,E
V248.jpg,V
W46.jpg,W
F130.jpg,F
V203.jpg,V
C175.jpg,C
U222.jpg,U
J49.avi,J
X37.jpg,X
I250.jpg,I
H55.jpg,H
M46.jpg,M
M244.jpg,M
F245.jpg,F
B464.jpg,B
A386.jpg,A
S163.jpg,S
D363.jpg,D
U241.jpg,U
D358.jpg,D
Q40.jpg,Q
C86.jpg,C
I279.jpg,I
G66.jpg,G
O143.jpg,O
N49.jpg,N
I119.jpg,I
O289.jpg,O
T154.jpg,T
E302.jpg,E
C280.jpg,C
J16.avi,J
H224.jpg,H
M269.jpg,M
T277.jpg,T
T258.jpg,T
H363.jpg,H
O282.jpg,O
Y280.jpg,Y
A6.jpg,A
N202.jpg,N
B348.jpg,B
H344.jpg,H
Q230.jpg,Q
I139.jpg,I
K130.jpg,K
B203.jpg,B
G266.jpg,G
Z32.avi,Z
W97.jpg,W
N127.jpg,N
P43.jpg,P
T141.jpg,T
H44.jpg,H
B490.jpg,B
D76.jpg,D
B256.jpg,B
L310.jpg,L
R249.jpg,R
I225.jpg,I
N158.jpg,N
O211.jpg,O
F378.jpg,F
B55.jpg,B
N23.jpg,N
V230.jpg,V
V204.jpg,V
G148.jpg,G
H69.jpg,H
L132.jpg,L
F201.jpg,F
L62.jpg,L
E462.jpg,E
Y239.jpg,Y
S33.jpg,S
I42.jpg,I
R166.jpg,R
H260.jpg,H
Z377.avi,Z
Z4.avi,Z
X257.jpg,X
S246.jpg,S
O139.jpg,O
M72.jpg,M
E292.jpg,E
E201.jpg,E
T249.jpg,T
C89.jpg,C
S118.jpg,S
Z362.avi,Z
E376.jpg,E
D281.jpg,D
Y168.jpg,Y
K146.jpg,K
E72.jpg,E
E51.jpg,E
T288.jpg,T
S46.jpg,S
X166.jpg,X
X21.jpg,X
Z364.avi,Z
D274.jpg,D
T118.jpg,T
W37.jpg,W
W95.jpg,W
V172.jpg,V
Z73.avi,Z
R130.jpg,R
D149.jpg,D
R25.jpg,R
R65.jpg,R
K179.jpg,K
Q20.jpg,Q
L13.jpg,L
D309.jpg,D
F408.jpg,F
T1.jpg,T
L184.jpg,L
S92.jpg,S
W319.jpg,W
Q148.jpg,Q
A432.jpg,A
H267.jpg,H
W157.jpg,W
H291.jpg,H
D226.jpg,D
B518.jpg,B
M224.jpg,M
Q207.jpg,Q
L83.jpg,L
U99.jpg,U
Y48.jpg,Y
Y202.jpg,Y
T221.jpg,T
E326.jpg,E
Y272.jpg,Y
P145.jpg,P
A355.jpg,A
T53.jpg,T
Q97.jpg,Q
F251.jpg,F
V201.jpg,V
B228.jpg,B
X248.jpg,X
E454.jpg,E
A86.jpg,A
S219.jpg,S
I318.jpg,I
C337.jpg,C
R192.jpg,R
E325.jpg,E
Y177.jpg,Y
F154.jpg,F
E355.jpg,E
K109.jpg,K
S26.jpg,S
X172.jpg,X
L6.jpg,L
K47.jpg,K
T289.jpg,T
P174.jpg,P
D359.jpg,D
G270.jpg,G
S32.jpg,S
L24.jpg,L
F381.jpg,F
G29.jpg,G
L171.jpg,L
C269.jpg,C
J132.avi,J
I240.jpg,I
E245.jpg,E
T202.jpg,T
X197.jpg,X
A219.jpg,A
J253.avi,J
B388.jpg,B
H32.jpg,H
B177.jpg,B
X44.jpg,X
R165.jpg,R
H362.jpg,H
A473.jpg,A
N287.jpg,N
C242.jpg,C
C231.jpg,C
X270.jpg,X
J93.avi,J
H222.jpg,H
P98.jpg,P
K17.jpg,K
W49.jpg,W
N8.jpg,N
U48.jpg,U
C73.jpg,C
H61.jpg,H
O21.jpg,O
G238.jpg,G
R92.jpg,R
F132.jpg,F
A327.jpg,A
V141.jpg,V
M242.jpg,M
G111.jpg,G
W141.jpg,W
U173.jpg,U
Z246.avi,Z
R31.jpg,R
C26.jpg,C
T260.jpg,T
G200.jpg,G
C211.jpg,C
Z298.avi,Z
Q259.jpg,Q
B114.jpg,B
P112.jpg,P
I353.jpg,I
T172.jpg,T
F122.jpg,F
J268.avi,J
I335.jpg,I
A211.jpg,A
C191.jpg,C
O4.jpg,O
R137.jpg,R
A82.jpg,A
Z345.avi,Z
M4.jpg,M
G330.jpg,G
A411.jpg,A
R159.jpg,R
M177.jpg,M
H360.jpg,H
E160.jpg,E
S273.jpg,S
P151.jpg,P
V255.jpg,V
H24.jpg,H
W125.jpg,W
Z5.avi,Z
U74.jpg,U
L205.jpg,L
Y101.jpg,Y
Q58.jpg,Q
I273.jpg,I
F353.jpg,F
W338.jpg,W
S168.jpg,S
E209.jpg,E
I232.jpg,I
J59.avi,J
L168.jpg,L
R118.jpg,R
P196.jpg,P
K128.jpg,K
S244.jpg,S
N76.jpg,N
R238.jpg,R
S238.jpg,S
S275.jpg,S
Z331.avi,Z
P110.jpg,P
L226.jpg,L
Y206.jpg,Y
G326.jpg,G
Y238.jpg,Y
S187.jpg,S
Q100.jpg,Q
Z315.avi,Z
S48.jpg,S
Y119.jpg,Y
S307.jpg,S
G54.jpg,G
O44.jpg,O
E259.jpg,E
V0.jpg,V
B234.jpg,B
I246.jpg,I
W27.jpg,W
U260.jpg,U
G104.jpg,G
A465.jpg,A
O216.jpg,O
F266.jpg,F
C62.jpg,C
M167.jpg,M
Z103.avi,Z
O33.jpg,O
M162.jpg,M
B106.jpg,B
Q175.jpg,Q
O278.jpg,O
A468.jpg,A
O266.jpg,O
R83.jpg,R
X16.jpg,X
R170.jpg,R
G134.jpg,G
T234.jpg,T
Q152.jpg,Q
I281.jpg,I
X292.jpg,X
V241.jpg,V
K208.jpg,K
Q229.jpg,Q
N106.jpg,N
G151.jpg,G
Z311.avi,Z
G254.jpg,G
Z391.avi,Z
T47.jpg,T
F365.jpg,F
O189.jpg,O
A499.jpg,A
H119.jpg,H
I313.jpg,I
A371.jpg,A
E339.jpg,E
D119.jpg,D
E497.jpg,E
T152.jpg,T
Z37.avi,Z
V67.jpg,V
E254.jpg,E
C161.jpg,C
K3.jpg,K
X131.jpg,X
T131.jpg,T
D161.jpg,D
E220.jpg,E
X144.jpg,X
E203.jpg,E
M136.jpg,M
K65.jpg,K
H322.jpg,H
W129.jpg,W
V235.jpg,V
U234.jpg,U
W119.jpg,W
W19.jpg,W
L72.jpg,L
W170.jpg,W
Z212.avi,Z
Z61.avi,Z
R82.jpg,R
G331.jpg,G
R49.jpg,R
B405.jpg,B
O48.jpg,O
X68.jpg,X
C327.jpg,C
X272.jpg,X
E200.jpg,E
R44.jpg,R
B123.jpg,B
U267.jpg,U
C365.jpg,C
P169.jpg,P
A264.jpg,A
I227.jpg,I
T290.jpg,T
R58.jpg,R
F306.jpg,F
T75.jpg,T
E419.jpg,E
J7.avi,J
E10.jpg,E
Z177.avi,Z
O120.jpg,O
K295.jpg,K
K259.jpg,K
U240.jpg,U
R289.jpg,R
A148.jpg,A
B505.jpg,B
U250.jpg,U
F37.jpg,F
W229.jpg,W
P184.jpg,P
Y277.jpg,Y
V154.jpg,V
J82.avi,J
H312.jpg,H
G125.jpg,G
J171.avi,J
K214.jpg,K
Y73.jpg,Y
Q174.jpg,Q
D193.jpg,D
Q89.jpg,Q
B488.jpg,B
H213.jpg,H
L238.jpg,L
W227.jpg,W
E362.jpg,E
Z198.avi,Z
M204.jpg,M
Q172.jpg,Q
B213.jpg,B
B271.jpg,B
Q257.jpg,Q
A196.jpg,A
B290.jpg,B
U62.jpg,U
E226.jpg,E
T162.jpg,T
C113.jpg,C
Z170.avi,Z
M191.jpg,M
N154.jpg,N
R96.jpg,R
B254.jpg,B
K131.jpg,K
B328.jpg,B
I89.jpg,I
O206.jpg,O
X107.jpg,X
H257.jpg,H
O277.jpg,O
V171.jpg,V
S57.jpg,S
E450.jpg,E
Y309.jpg,Y
U145.jpg,U
U106.jpg,U
V183.jpg,V
N117.jpg,N
Y223.jpg,Y
M60.jpg,M
R71.jpg,R
F139.jpg,F
B51.jpg,B
G312.jpg,G
S186.jpg,S
M170.jpg,M
V115.jpg,V
X246.jpg,X
I47.jpg,I
X164.jpg,X
W81.jpg,W
H274.jpg,H
T248.jpg,T
H122.jpg,H
U266.jpg,U
F361.jpg,F
C77.jpg,C
A298.jpg,A
B448.jpg,B
Z47.avi,Z
A33.jpg,A
A396.jpg,A
D192.jpg,D
L46.jpg,L
R245.jpg,R
B310.jpg,B
C341.jpg,C
U5.jpg,U
U171.jpg,U
X298.jpg,X
G344.jpg,G
X212.jpg,X
E111.jpg,E
J225.avi,J
Z249.avi,Z
D310.jpg,D
Q228.jpg,Q
K291.jpg,K
L302.jpg,L
H241.jpg,H
B171.jpg,B
E328.jpg,E
W8.jpg,W
J247.avi,J
V167.jpg,V
H162.jpg,H
H361.jpg,H
W251.jpg,W
T97.jpg,T
Y108.jpg,Y
O202.jpg,O
F213.jpg,F
A267.jpg,A
F325.jpg,F
G243.jpg,G
B457.jpg,B
C64.jpg,C
O343.jpg,O
G336.jpg,G
A288.jpg,A
Q96.jpg,Q
H215.jpg,H
R280.jpg,R
V292.jpg,V
T67.jpg,T
H108.jpg,H
E165.jpg,E
I151.jpg,I
H183.jpg,H
J312.avi,J
I310.jpg,I
W241.jpg,W
K78.jpg,K
C251.jpg,C
I175.jpg,I
D290.jpg,D
Z382.avi,Z
K0.jpg,K
K273.jpg,K
S97.jpg,S
D253.jpg,D
I125.jpg,I
E313.jpg,E
Z87.avi,Z
E2.jpg,E
Q179.jpg,Q
C316.jpg,C
N232.jpg,N
J289.avi,J
R104.jpg,R
B372.jpg,B
L260.jpg,L
O18.jpg,O
B262.jpg,B
M220.jpg,M
Z303.avi,Z
E484.jpg,E
F403.jpg,F
L177.jpg,L
G70.jpg,G
K94.jpg,K
F329.jpg,F
D208.jpg,D
O346.jpg,O
C199.jpg,C
D8.jpg,D
V120.jpg,V
O104.jpg,O
Q242.jpg,Q
H317.jpg,H
P143.jpg,P
I15.jpg,I
T33.jpg,T
A472.jpg,A
E377.jpg,E
R84.jpg,R
Z343.avi,Z
C204.jpg,C
X27.jpg,X
B407.jpg,B
I188.jpg,I
D26.jpg,D
L287.jpg,L
Y4.jpg,Y
A156.jpg,A
C88.jpg,C
Y248.jpg,Y
C214.jpg,C
C153.jpg,C
H100.jpg,H
V18.jpg,V
A171.jpg,A
W127.jpg,W
G269.jpg,G
O174.jpg,O
E32.jpg,E
W344.jpg,W
N283.jpg,N
W277.jpg,W
O364.jpg,O
K142.jpg,K
O301.jpg,O
V160.jpg,V
S19.jpg,S
K147.jpg,K
F313.jpg,F
C326.jpg,C
U248.jpg,U
G160.jpg,G
U65.jpg,U
D171.jpg,D
C52.jpg,C
Z213.avi,Z
K293.jpg,K
Z224.avi,Z
B526.jpg,B
A428.jpg,A
N128.jpg,N
B389.jpg,B
P37.jpg,P
D179.jpg,D
U70.jpg,U
C42.jpg,C
S130.jpg,S
U57.jpg,U
M41.jpg,M
B411.jpg,B
L263.jpg,L
A366.jpg,A
W234.jpg,W
J91.avi,J
R222.jpg,R
O45.jpg,O
I344.jpg,I
B137.jpg,B
F385.jpg,F
Y235.jpg,Y
Y130.jpg,Y
A434.jpg,A
C83.jpg,C
U195.jpg,U
G43.jpg,G
A511.jpg,A
V189.jpg,V
G289.jpg,G
I268.jpg,I
J240.avi,J
Q266.jpg,Q
N119.jpg,N
Z274.avi,Z
W273.jpg,W
T4.jpg,T
A367.jpg,A
C260.jpg,C
H202.jpg,H
B72.jpg,B
T51.jpg,T
U259.jpg,U
B233.jpg,B
B9.jpg,B
E137.jpg,E
Z281.avi,Z
B420.jpg,B
Y240.jpg,Y
K56.jpg,K
Q98.jpg,Q
I201.jpg,I
L234.jpg,L
G300.jpg,G
U278.jpg,U
W6.jpg,W
U186.jpg,U
U184.jpg,U
N124.jpg,N
F342.jpg,F
G11.jpg,G
O348.jpg,O
D77.jpg,D
M133.jpg,M
V216.jpg,V
U43.jpg,U
L344.jpg,L
F324.jpg,F
B224.jpg,B
B209.jpg,B
B443.jpg,B
V142.jpg,V
M134.jpg,M
P159.jpg,P
A195.jpg,A
N271.jpg,N
N223.jpg,N
O52.jpg,O
U197.jpg,U
F418.jpg,F
I259.jpg,I
C170.jpg,C
H155.jpg,H
E19.jpg,E
V150.jpg,V
Z78.avi,Z
L166.jpg,L
W39.jpg,W
M130.jpg,M
N96.jpg,N
O50.jpg,O
U50.jpg,U
N28.jpg,N
B294.jpg,B
B409.jpg,B
E219.jpg,E
N159.jpg,N
V310.jpg,V
R34.jpg,R
S313.jpg,S
C295.jpg,C
A474.jpg,A
N44.jpg,N
E264.jpg,E
G196.jpg,G
F247.jpg,F
T297.jpg,T
B48.jpg,B
I233.jpg,I
A215.jpg,A
K123.jpg,K
Q108.jpg,Q
W346.jpg,W
L281.jpg,L
C213.jpg,C
R266.jpg,R
R33.jpg,R
S161.jpg,S
D35.jpg,D
F284.jpg,F
Y229.jpg,Y
B422.jpg,B
A495.jpg,A
J175.avi,J
F137.jpg,F
D212.jpg,D
L334.jpg,L
J152.avi,J
W228.jpg,W
H225.jpg,H
B352.jpg,B
R140.jpg,R
P218.jpg,P
K168.jpg,K
A322.jpg,A
F287.jpg,F
C122.jpg,C
Q160.jpg,Q
K197.jpg,K
A77.jpg,A
K279.jpg,K
H307.jpg,H
L243.jpg,L
F80.jpg,F
B162.jpg,B
X85.jpg,X
M255.jpg,M
R193.jpg,R
K250.jpg,K
N51.jpg,N
X83.jpg,X
H324.jpg,H
U116.jpg,U
U221.jpg,U
A241.jpg,A
E267.jpg,E
L299.jpg,L
B456.jpg,B
R107.jpg,R
K296.jpg,K
W67.jpg,W
H12.jpg,H
N245.jpg,N
R207.jpg,R
M196.jpg,M
G116.jpg,G
V114.jpg,V
E378.jpg,E
M258.jpg,M
P34.jpg,P
A12.jpg,A
O72.jpg,O
S121.jpg,S
J134.avi,J
T58.jpg,T
F303.jpg,F
I178.jpg,I
Q17.jpg,Q
Q38.jpg,Q
U16.jpg,U
B33.jpg,B
T256.jpg,T
O77.jpg,O
E420.jpg,E
L92.jpg,L
O73.jpg,O
E46.jpg,E
H192.jpg,H
G277.jpg,G
Y107.jpg,Y
R36.jpg,R
A214.jpg,A
L218.jpg,L
S173.jpg,S
C140.jpg,C
D176.jpg,D
J75.avi,J
N93.jpg,N
O257.jpg,O
G318.jpg,G
B538.jpg,B
A172.jpg,A
I176.jpg,I
A325.jpg,A
A30.jpg,A
D32.jpg,D
A487.jpg,A
B341.jpg,B
M190.jpg,M
V222.jpg,V
Z243.avi,Z
I81.jpg,I
W287.jpg,W
B385.jpg,B
P127.jpg,P
C235.jpg,C
X205.jpg,X
A297.jpg,A
U142.jpg,U
L29.jpg,L
I293.jpg,I
P53.jpg,P
P146.jpg,P
J3.avi,J
F45.jpg,F
R178.jpg,R
W166.jpg,W
A194.jpg,A
P0.jpg,P
K68.jpg,K
D269.jpg,D
S213.jpg,S
J103.avi,J
K216.jpg,K
I280.jpg,I
S15.jpg,S
O115.jpg,O
B360.jpg,B
L160.jpg,L
V285.jpg,V
I152.jpg,I
C193.jpg,C
W307.jpg,W
F84.jpg,F
T100.jpg,T
M148.jpg,M
S156.jpg,S
O17.jpg,O
W14.jpg,W
F348.jpg,F
F25.jpg,F
Y189.jpg,Y
I224.jpg,I
G74.jpg,G
Q254.jpg,Q
X12.jpg,X
O30.jpg,O
A260.jpg,A
O219.jpg,O
Q79.jpg,Q
N85.jpg,N
I271.jpg,I
Z88.avi,Z
P104.jpg,P
Q90.jpg,Q
H244.jpg,H
L192.jpg,L
J156.avi,J
D63.jpg,D
J141.avi,J
E224.jpg,E
Y288.jpg,Y
V165.jpg,V
A486.jpg,A
D46.jpg,D
N246.jpg,N
E371.jpg,E
L176.jpg,L
C154.jpg,C
X228.jpg,X
A523.jpg,A
J148.avi,J
I202.jpg,I
K2.jpg,K
M274.jpg,M
O204.jpg,O
Y114.jpg,Y
U214.jpg,U
Z129.avi,Z
S126.jpg,S
E310.jpg,E
I191.jpg,I
K287.jpg,K
B465.jpg,B
A203.jpg,A
Q144.jpg,Q
L125.jpg,L
B426.jpg,B
F86.jpg,F
O85.jpg,O
D238.jpg,D
A235.jpg,A
D251.jpg,D
H67.jpg,H
X152.jpg,X
S31.jpg,S
F196.jpg,F
J212.avi,J
O26.jpg,O
X2.jpg,X
N170.jpg,N
Z71.avi,Z
K199.jpg,K
I198.jpg,I
S265.jpg,S
E106.jpg,E
U96.jpg,U
H56.jpg,H
G9.jpg,G
T181.jpg,T
K314.jpg,K
F326.jpg,F
Z131.avi,Z
L9.jpg,L
S105.jpg,S
E416.jpg,E
P73.jpg,P
Y53.jpg,Y
D100.jpg,D
E396.jpg,E
W5.jpg,W
T135.jpg,T
A170.jpg,A
U51.jpg,U
U225.jpg,U
U223.jpg,U
B429.jpg,B
H0.jpg,H
N177.jpg,N
P114.jpg,P
C120.jpg,C
C189.jpg,C
N258.jpg,N
W323.jpg,W
B96.jpg,B
J139.avi,J
W179.jpg,W
B125.jpg,B
R150.jpg,R
Z265.avi,Z
O305.jpg,O
E37.jpg,E
V102.jpg,V
B215.jpg,B
I161.jpg,I
R30.jpg,R
D198.jpg,D
V16.jpg,V
D207.jpg,D
G129.jpg,G
E66.jpg,E
T120.jpg,T
Z348.avi,Z
O100.jpg,O
A99.jpg,A
Y176.jpg,Y
V2.jpg,V
T250.jpg,T
H357.jpg,H
H6.jpg,H
A324.jpg,A
R111.jpg,R
F224.jpg,F
E375.jpg,E
E345.jpg,E
J269.avi,J
C121.jpg,C
B242.jpg,B
U125.jpg,U
A513.jpg,A
J29.avi,J
R126.jpg,R
Z390.avi,Z
T215.jpg,T
W210.jpg,W
N216.jpg,N
R251.jpg,R
D141.jpg,D
M19.jpg,M
W154.jpg,W
K280.jpg,K
Z395.avi,Z
K63.jpg,K
G268.jpg,G
H90.jpg,H
B428.jpg,B
C182.jpg,C
J154.avi,J
B361.jpg,B
H168.jpg,H
Z226.avi,Z
Z218.avi,Z
W337.jpg,W
W148.jpg,W
F282.jpg,F
W199.jpg,W
I116.jpg,I
K127.jpg,K
N138.jpg,N
I113.jpg,I
C374.jpg,C
Z79.avi,Z
C320.jpg,C
Q35.jpg,Q
P101.jpg,P
M100.jpg,M
C243.jpg,C
U31.jpg,U
E286.jpg,E
F214.jpg,F
A263.jpg,A
E439.jpg,E
R41.jpg,R
A137.jpg,A
L106.jpg,L
U92.jpg,U
M153.jpg,M
S227.jpg,S
M122.jpg,M
M105.jpg,M
X163.jpg,X
F61.jpg,F
B439.jpg,B
V6.jpg,V
B164.jpg,B
N194.jpg,N
G256.jpg,G
U4.jpg,U
H25.jpg,H
J53.avi,J
A464.jpg,A
K242.jpg,K
X149.jpg,X
P16.jpg,P
H174.jpg,H
O0.jpg,O
H326.jpg,H
B308.jpg,B
A39.jpg,A
X42.jpg,X
P86.jpg,P
W289.jpg,W
E187.jpg,E
D254.jpg,D
B432.jpg,B
R202.jpg,R
Z263.avi,Z
F237.jpg,F
G279.jpg,G
J281.avi,J
Z69.avi,Z
L159.jpg,L
K58.jpg,K
E26.jpg,E
C362.jpg,C
E244.jpg,E
U72.jpg,U
G108.jpg,G
X3.jpg,X
B85.jpg,B
N14.jpg,N
Y212.jpg,Y
A342.jpg,A
G262.jpg,G
G219.jpg,G
E100.jpg,E
K132.jpg,K
E159.jpg,E
X148.jpg,X
A368.jpg,A
A227.jpg,A
U261.jpg,U
W301.jpg,W
Q15.jpg,Q
H198.jpg,H
C146.jpg,C
N64.jpg,N
W10.jpg,W
S206.jpg,S
P87.jpg,P
J23.avi,J
A471.jpg,A
C372.jpg,C
O34.jpg,O
U118.jpg,U
G267.jpg,G
E76.jpg,E
F126.jpg,F
F314.jpg,F
F16.jpg,F
M237.jpg,M
D132.jpg,D
F138.jpg,F
N184.jpg,N
O223.jpg,O
K110.jpg,K
J199.avi,J
X10.jpg,X
D145.jpg,D
Y1.jpg,Y
W178.jpg,W
Q120.jpg,Q
L127.jpg,L
J48.avi,J
X9.jpg,X
J92.avi,J
P192.jpg,P
I270.jpg,I
W57.jpg,W
O102.jpg,O
T95.jpg,T
H33.jpg,H
F102.jpg,F
I355.jpg,I
A408.jpg,A
T147.jpg,T
A95.jpg,A
K226.jpg,K
M17.jpg,M
E405.jpg,E
H308.jpg,H
M135.jpg,M
I101.jpg,I
V95.jpg,V
C245.jpg,C
P120.jpg,P
A16.jpg,A
Q208.jpg,Q
H226.jpg,H
V106.jpg,V
Q255.jpg,Q
J44.avi,J
G205.jpg,G
R32.jpg,R
U136.jpg,U
H106.jpg,H
J233.avi,J
A303.jpg,A
W11.jpg,W
B236.jpg,B
C114.jpg,C
W182.jpg,W
Y303.jpg,Y
P22.jpg,P
E268.jpg,E
F343.jpg,F
B50.jpg,B
B306.jpg,B
K164.jpg,K
B263.jpg,B
W195.jpg,W
A314.jpg,A
U84.jpg,U
F231.jpg,F
M98.jpg,M
L102.jpg,L
B421.jpg,B
Y304.jpg,Y
K79.jpg,K
F163.jpg,F
S178.jpg,S
G183.jpg,G
I238.jpg,I
X226.jpg,X
C222.jpg,C
A184.jpg,A
Z98.avi,Z
S170.jpg,S
T115.jpg,T
L79.jpg,L
B482.jpg,B
O276.jpg,O
L143.jpg,L
B536.jpg,B
O352.jpg,O
W70.jpg,W
V126.jpg,V
L178.jpg,L
D79.jpg,D
P64.jpg,P
Y28.jpg,Y
J140.avi,J
O333.jpg,O
G250.jpg,G
J172.avi,J
E214.jpg,E
K272.jpg,K
B116.jpg,B
Q212.jpg,Q
S84.jpg,S
M215.jpg,M
P13.jpg,P
Z92.avi,Z
X309.jpg,X
I269.jpg,I
F166.jpg,F
O232.jpg,O
U112.jpg,U
A335.jpg,A
C287.jpg,C
T79.jpg,T
H47.jpg,H
I263.jpg,I
A353.jpg,A
A111.jpg,A
R15.jpg,R
D335.jpg,D
Y170.jpg,Y
Q77.jpg,Q
I86.jpg,I
Y255.jpg,Y
S54.jpg,S
A409.jpg,A
O351.jpg,O
V40.jpg,V
L64.jpg,L
J18.avi,J
L45.jpg,L
A152.jpg,A
M69.jpg,M
E441.jpg,E
Z374.avi,Z
X238.jpg,X
D234.jpg,D
F66.jpg,F
D205.jpg,D
M111.jpg,M
V89.jpg,V
W22.jpg,W
A450.jpg,A
O263.jpg,O
F188.jpg,F
K313.jpg,K
W53.jpg,W
I29.jpg,I
C65.jpg,C
K149.jpg,K
J145.avi,J
K153.jpg,K
A7.jpg,A
D80.jpg,D
C72.jpg,C
B393.jpg,B
S14.jpg,S
F356.jpg,F
R209.jpg,R
N201.jpg,N
Y209.jpg,Y
A485.jpg,A
I76.jpg,I
H280.jpg,H
A308.jpg,A
Z156.avi,Z
K178.jpg,K
F105.jpg,F
V86.jpg,V
J147.avi,J
M251.jpg,M
B274.jpg,B
L164.jpg,L
S42.jpg,S
Q57.jpg,Q
D57.jpg,D
B333.jpg,B
K80.jpg,K
F262.jpg,F
Y207.jpg,Y
V207.jpg,V
L90.jpg,L
W2.jpg,W
D332.jpg,D
Y5.jpg,Y
E9.jpg,E
B307.jpg,B
U227.jpg,U
Y150.jpg,Y
T140.jpg,T
W235.jpg,W
D184.jpg,D
Y135.jpg,Y
Z36.avi,Z
E411.jpg,E
A247.jpg,A
C3.jpg,C
Q163.jpg,Q
A493.jpg,A
V269.jpg,V
S228.jpg,S
D311.jpg,D
C6.jpg,C
F372.jpg,F
E125.jpg,E
L55.jpg,L
H94.jpg,H
G155.jpg,G
J46.avi,J
C224.jpg,C
U153.jpg,U
C319.jpg,C
F123.jpg,F
C366.jpg,C
Z125.avi,Z
A534.jpg,A
E115.jpg,E
Y65.jpg,Y
G58.jpg,G
E240.jpg,E
P54.jpg,P
K163.jpg,K
B277.jpg,B
R151.jpg,R
M152.jpg,M
X119.jpg,X
F223.jpg,F
O198.jpg,O
U143.jpg,U
Y148.jpg,Y
E232.jpg,E
R185.jpg,R
X231.jpg,X
G341.jpg,G
A160.jpg,A
D175.jpg,D
B241.jpg,B
M129.jpg,M
A516.jpg,A
O3.jpg,O
G337.jpg,G
T110.jpg,T
L207.jpg,L
Y164.jpg,Y
L220.jpg,L
J239.avi,J
B460.jpg,B
W134.jpg,W
Z146.avi,Z
T299.jpg,T
C190.jpg,C
J74.avi,J
N105.jpg,N
X253.jpg,X
F60.jpg,F
B71.jpg,B
S198.jpg,S
Q187.jpg,Q
C7.jpg,C
V168.jpg,V
Y110.jpg,Y
X260.jpg,X
D103.jpg,D
J315.avi,J
D165.jpg,D
Q194.jpg,Q
I338.jpg,I
D69.jpg,D
G145.jpg,G
Y115.jpg,Y
I209.jpg,I
Z225.avi,Z
V116.jpg,V
V286.jpg,V
J118.avi,J
U281.jpg,U
Q129.jpg,Q
V293.jpg,V
K20.jpg,K
J52.avi,J
J79.avi,J
D65.jpg,D
W314.jpg,W
A480.jpg,A
Q159.jpg,Q
S21.jpg,S
S154.jpg,S
A69.jpg,A
E487.jpg,E
F240.jpg,F
N238.jpg,N
R54.jpg,R
Z342.avi,Z
V38.jpg,V
R270.jpg,R
E31.jpg,E
L16.jpg,L
Z11.avi,Z
L81.jpg,L
A536.jpg,A
K215.jpg,K
U85.jpg,U
Z51.avi,Z
X125.jpg,X
P113.jpg,P
H125.jpg,H
J227.avi,J
M149.jpg,M
T263.jpg,T
B188.jpg,B
W122.jpg,W
I134.jpg,I
V110.jpg,V
Y13.jpg,Y
R134.jpg,R
Q147.jpg,Q
O35.jpg,O
S252.jpg,S
F146.jpg,F
D148.jpg,D
I74.jpg,I
F405.jpg,F
A261.jpg,A
O193.jpg,O
E130.jpg,E
E414.jpg,E
O29.jpg,O
V27.jpg,V
B394.jpg,B
O210.jpg,O
Y249.jpg,Y
K256.jpg,K
V272.jpg,V
U24.jpg,U
E315.jpg,E
A177.jpg,A
B244.jpg,B
L278.jpg,L
E39.jpg,E
X251.jpg,X
O38.jpg,O
J202.avi,J
A334.jpg,A
D169.jpg,D
I124.jpg,I
O370.jpg,O
G186.jpg,G
R113.jpg,R
I138.jpg,I
F169.jpg,F
I32.jpg,I
I148.jpg,I
U121.jpg,U
O82.jpg,O
A42.jpg,A
M188.jpg,M
A254.jpg,A
Y54.jpg,Y
Q196.jpg,Q
H301.jpg,H
F315.jpg,F
Y315.jpg,Y
V177.jpg,V
H97.jpg,H
O161.jpg,O
B170.jpg,B
C34.jpg,C
B437.jpg,B
P6.jpg,P
V107.jpg,V
S207.jpg,S
C292.jpg,C
V41.jpg,V
Z369.avi,Z
W193.jpg,W
Q161.jpg,Q
J291.avi,J
U60.jpg,U
H251.jpg,H
D42.jpg,D
A292.jpg,A
X20.jpg,X
E372.jpg,E
A316.jpg,A
X142.jpg,X
U232.jpg,U
M249.jpg,M
B217.jpg,B
J220.avi,J
Z334.avi,Z
M82.jpg,M
R2.jpg,R
T273.jpg,T
W159.jpg,W
A209.jpg,A
D5.jpg,D
G130.jpg,G
C2.jpg,C
B370.jpg,B
O356.jpg,O
C30.jpg,C
W162.jpg,W
E73.jpg,E
Y47.jpg,Y
J246.avi,J
O199.jpg,O
Z160.avi,Z
Z351.avi,Z
I97.jpg,I
J257.avi,J
U280.jpg,U
U56.jpg,U
Z142.avi,Z
Z178.avi,Z
D172.jpg,D
E333.jpg,E
D16.jpg,D
W274.jpg,W
A78.jpg,A
M165.jpg,M
V224.jpg,V
X174.jpg,X
A358.jpg,A
U163.jpg,U
Q107.jpg,Q
G308.jpg,G
M235.jpg,M
B492.jpg,B
A176.jpg,A
U58.jpg,U
J207.avi,J
A90.jpg,A
T156.jpg,T
G176.jpg,G
N188.jpg,N
L86.jpg,L
E294.jpg,E
B122.jpg,B
Q177.jpg,Q
H121.jpg,H
G22.jpg,G
B135.jpg,B
I301.jpg,I
V147.jpg,V
Q43.jpg,Q
B195.jpg,B
F291.jpg,F
H170.jpg,H
Z236.avi,Z
K74.jpg,K
J35.avi,J
C156.jpg,C
L197.jpg,L
A412.jpg,A
N13.jpg,N
B189.jpg,B
F297.jpg,F
A245.jpg,A
E452.jpg,E
T222.jpg,T
I254.jpg,I
L43.jpg,L
F298.jpg,F
O79.jpg,O
K38.jpg,K
X109.jpg,X
D265.jpg,D
M271.jpg,M
N203.jpg,N
L93.jpg,L
Y70.jpg,Y
T50.jpg,T
Z299.avi,Z
B57.jpg,B
L259.jpg,L
A55.jpg,A
O288.jpg,O
H296.jpg,H
B107.jpg,B
F82.jpg,F
J285.avi,J
R35.jpg,R
F387.jpg,F
V252.jpg,V
X305.jpg,X
S58.jpg,S
Z204.avi,Z
A217.jpg,A
B210.jpg,B
G44.jpg,G
I334.jpg,I
C44.jpg,C
D237.jpg,D
E261.jpg,E
S171.jpg,S
N31.jpg,N
O238.jpg,O
O327.jpg,O
Z63.avi,Z
Q190.jpg,Q
A399.jpg,A
Q235.jpg,Q
G244.jpg,G
Q76.jpg,Q
U102.jpg,U
V52.jpg,V
C24.jpg,C
O195.jpg,O
X95.jpg,X
C5.jpg,C
Y265.jpg,Y
X235.jpg,X
Z202.avi,Z
P69.jpg,P
S146.jpg,S
C37.jpg,C
B190.jpg,B
V263.jpg,V
B153.jpg,B
G258.jpg,G
P21.jpg,P
M123.jpg,M
M240.jpg,M
U29.jpg,U
P171.jpg,P
K238.jpg,K
A142.jpg,A
K117.jpg,K
E451.jpg,E
J235.avi,J
J238.avi,J
C229.jpg,C
X306.jpg,X
R88.jpg,R
B459.jpg,B
L7.jpg,L
E278.jpg,E
B250.jpg,B
Y129.jpg,Y
H99.jpg,H
Z12.avi,Z
H58.jpg,H
Q42.jpg,Q
C137.jpg,C
K274.jpg,K
P206.jpg,P
J174.avi,J
Y94.jpg,Y
B20.jpg,B
P11.jpg,P
J108.avi,J
H295.jpg,H
D136.jpg,D
T295.jpg,T
J187.avi,J
T169.jpg,T
A285.jpg,A
A277.jpg,A
L264.jpg,L
Y116.jpg,Y
K260.jpg,K
N107.jpg,N
N269.jpg,N
W132.jpg,W
Y299.jpg,Y
B87.jpg,B
Y0.jpg,Y
C318.jpg,C
Z9.avi,Z
B25.jpg,B
I203.jpg,I
T268.jpg,T
I256.jpg,I
T86.jpg,T
T161.jpg,T
W126.jpg,W
D168.jpg,D
X256.jpg,X
Y49.jpg,Y
M67.jpg,M
A121.jpg,A
T274.jpg,T
G36.jpg,G
B149.jpg,B
K174.jpg,K
G324.jpg,G
Y264.jpg,Y
S249.jpg,S
Z60.avi,Z
H200.jpg,H
G245.jpg,G
E425.jpg,E
Z248.avi,Z
R210.jpg,R
W63.jpg,W
A70.jpg,A
S264.jpg,S
T45.jpg,T
D178.jpg,D
R99.jpg,R
W185.jpg,W
D107.jpg,D
T28.jpg,T
D365.jpg,D
K135.jpg,K
O131.jpg,O
B247.jpg,B
C274.jpg,C
E379.jpg,E
L317.jpg,L
G13.jpg,G
K14.jpg,K
G191.jpg,G
L139.jpg,L
Z19.avi,Z
E281.jpg,E
V308.jpg,V
A149.jpg,A
G242.jpg,G
V283.jpg,V
Z25.avi,Z
H276.jpg,H
T199.jpg,T
S180.jpg,S
H298.jpg,H
J58.avi,J
Q157.jpg,Q
Q219.jpg,Q
M159.jpg,M
U205.jpg,U
E184.jpg,E
F147.jpg,F
O75.jpg,O
C47.jpg,C
U237.jpg,U
E308.jpg,E
E272.jpg,E
O230.jpg,O
S160.jpg,S
Y233.jpg,Y
E33.jpg,E
G114.jpg,G
W265.jpg,W
F135.jpg,F
T8.jpg,T
Q95.jpg,Q
R29.jpg,R
H102.jpg,H
W279.jpg,W
T136.jpg,T
U229.jpg,U
L286.jpg,L
V191.jpg,V
V78.jpg,V
D174.jpg,D
F57.jpg,F
E382.jpg,E
J195.avi,J
B516.jpg,B
O180.jpg,O
T31.jpg,T
E85.jpg,E
P20.jpg,P
I286.jpg,I
X64.jpg,X
V307.jpg,V
T55.jpg,T
R139.jpg,R
X199.jpg,X
K51.jpg,K
S109.jpg,S
X1.jpg,X
P91.jpg,P
J213.avi,J
M109.jpg,M
B0.jpg,B
Y120.jpg,Y
S279.jpg,S
F145.jpg,F
C359.jpg,C
C200.jpg,C
V305.jpg,V
R91.jpg,R
V175.jpg,V
Y281.jpg,Y
C21.jpg,C
B163.jpg,B
O67.jpg,O
L12.jpg,L
H51.jpg,H
O179.jpg,O
X206.jpg,X
U10.jpg,U
E212.jpg,E
S116.jpg,S
L91.jpg,L
T203.jpg,T
T214.jpg,T
O262.jpg,O
C13.jpg,C
R190.jpg,R
O304.jpg,O
F120.jpg,F
W124.jpg,W
V296.jpg,V
W51.jpg,W
S96.jpg,S
T127.jpg,T
U154.jpg,U
W20.jpg,W
M229.jpg,M
B197.jpg,B
W326.jpg,W
K137.jpg,K
C343.jpg,C
F185.jpg,F
A347.jpg,A
A146.jpg,A
H15.jpg,H
W311.jpg,W
C238.jpg,C
N33.jpg,N
M124.jpg,M
U11.jpg,U
J217.avi,J
X191.jpg,X
A166.jpg,A
K121.jpg,K
V333.jpg,V
J241.avi,J
M128.jpg,M
B502.jpg,B
H103.jpg,H
U169.jpg,U
E448.jpg,E
D7.jpg,D
Y82.jpg,Y
B319.jpg,B
H358.jpg,H
D187.jpg,D
L252.jpg,L
Q158.jpg,Q
R52.jpg,R
M210.jpg,M
B18.jpg,B
F399.jpg,F
Z42.avi,Z
P81.jpg,P
F375.jpg,F
D333.jpg,D
L341.jpg,L
L297.jpg,L
K89.jpg,K
T193.jpg,T
R274.jpg,R
X114.jpg,X
X14.jpg,X
J69.avi,J
S304.jpg,S
T134.jpg,T
I315.jpg,I
S141.jpg,S
O149.jpg,O
V328.jpg,V
G77.jpg,G
H227.jpg,H
A443.jpg,A
K240.jpg,K
I170.jpg,I
Q261.jpg,Q
V128.jpg,V
M49.jpg,M
D318.jpg,D
G99.jpg,G
W189.jpg,W
I234.jpg,I
R196.jpg,R
H300.jpg,H
S243.jpg,S
Q169.jpg,Q
A379.jpg,A
R230.jpg,R
I230.jpg,I
H211.jpg,H
D230.jpg,D
A155.jpg,A
X146.jpg,X
E135.jpg,E
X17.jpg,X
C353.jpg,C
J259.avi,J
E442.jpg,E
E155.jpg,E
O316.jpg,O
E138.jpg,E
Z237.avi,Z
R273.jpg,R
Z70.avi,Z
W160.jpg,W
S81.jpg,S
B275.jpg,B
E123.jpg,E
Z302.avi,Z
V232.jpg,V
B138.jpg,B
K262.jpg,K
N226.jpg,N
X283.jpg,X
K50.jpg,K
Y221.jpg,Y
B404.jpg,B
H131.jpg,H
Q170.jpg,Q
H156.jpg,H
B346.jpg,B
B375.jpg,B
F93.jpg,F
V30.jpg,V
P158.jpg,P
T121.jpg,T
A343.jpg,A
D249.jpg,D
U132.jpg,U
R60.jpg,R
Y191.jpg,Y
W114.jpg,W
O318.jpg,O
R287.jpg,R
U219.jpg,U
F190.jpg,F
V244.jpg,V
S47.jpg,S
R1.jpg,R
S89.jpg,S
T242.jpg,T
A448.jpg,A
L20.jpg,L
R175.jpg,R
O78.jpg,O
X121.jpg,X
Q123.jpg,Q
T94.jpg,T
W165.jpg,W
N261.jpg,N
F242.jpg,F
K82.jpg,K
D292.jpg,D
X67.jpg,X
Y256.jpg,Y
F42.jpg,F
R201.jpg,R
T142.jpg,T
P128.jpg,P
V316.jpg,V
Y118.jpg,Y
S71.jpg,S
T189.jpg,T
D0.jpg,D
W263.jpg,W
J164.avi,J
W330.jpg,W
R213.jpg,R
O165.jpg,O
C98.jpg,C
J106.avi,J
I199.jpg,I
I222.jpg,I
L337.jpg,L
V39.jpg,V
M205.jpg,M
O317.jpg,O
N59.jpg,N
W206.jpg,W
I194.jpg,I
A304.jpg,A
B416.jpg,B
X46.jpg,X
D2.jpg,D
D202.jpg,D
Y216.jpg,Y
L294.jpg,L
C348.jpg,C
V10.jpg,V
Y308.jpg,Y
H195.jpg,H
B94.jpg,B
L135.jpg,L
V300.jpg,V
Q99.jpg,Q
E63.jpg,E
H176.jpg,H
S212.jpg,S
Z13.avi,Z
H4.jpg,H
B413.jpg,B
O135.jpg,O
H159.jpg,H
S82.jpg,S
H199.jpg,H
Q61.jpg,Q
B91.jpg,B
Y93.jpg,Y
V326.jpg,V
N46.jpg,N
E327.jpg,E
W87.jpg,W
L280.jpg,L
V213.jpg,V
R155.jpg,R
U131.jpg,U
I266.jpg,I
E207.jpg,E
U158.jpg,U
K120.jpg,K
V220.jpg,V
A114.jpg,A
Z184.avi,Z
F199.jpg,F
X54.jpg,X
A79.jpg,A
S167.jpg,S
D144.jpg,D
B112.jpg,B
Q183.jpg,Q
S73.jpg,S
C322.jpg,C
M44.jpg,M
C27.jpg,C
W44.jpg,W
S286.jpg,S
I85.jpg,I
R147.jpg,R
E23.jpg,E
T22.jpg,T
S132.jpg,S
W188.jpg,W
T30.jpg,T
O335.jpg,O
G198.jpg,G
W257.jpg,W
G80.jpg,G
X269.jpg,X
A44.jpg,A
S253.jpg,S
O125.jpg,O
Z16.avi,Z
M102.jpg,M
E476.jpg,E
G124.jpg,G
Z287.avi,Z
B519.jpg,B
I179.jpg,I
N153.jpg,N
I79.jpg,I
I226.jpg,I
E280.jpg,E
L175.jpg,L
R93.jpg,R
X255.jpg,X
J311.avi,J
R59.jpg,R
C223.jpg,C
I333.jpg,I
Z381.avi,Z
U122.jpg,U
E145.jpg,E
Z163.avi,Z
Z258.avi,Z
I210.jpg,I
H331.jpg,H
G159.jpg,G
W107.jpg,W
U150.jpg,U
E426.jpg,E
G98.jpg,G
V242.jpg,V
S53.jpg,S
R100.jpg,R
G317.jpg,G
R218.jpg,R
Y59.jpg,Y
H52.jpg,H
A123.jpg,A
D360.jpg,D
U78.jpg,U
O98.jpg,O
L199.jpg,L
Q209.jpg,Q
J155.avi,J
V334.jpg,V
A315.jpg,A
R161.jpg,R
A475.jpg,A
Z285.avi,Z
N163.jpg,N
L40.jpg,L
U87.jpg,U
B494.jpg,B
I239.jpg,I
Q239.jpg,Q
P125.jpg,P
A40.jpg,A
G343.jpg,G
D115.jpg,D
Q14.jpg,Q
J283.avi,J
F393.jpg,F
N40.jpg,N
B159.jpg,B
T145.jpg,T
C66.jpg,C
E237.jpg,E
T124.jpg,T
T11.jpg,T
Y38.jpg,Y
Y173.jpg,Y
L69.jpg,L
H114.jpg,H
Q70.jpg,Q
K188.jpg,K
J194.avi,J
I172.jpg,I
J127.avi,J
P99.jpg,P
V125.jpg,V
Q224.jpg,Q
O296.jpg,O
L103.jpg,L
O11.jpg,O
P75.jpg,P
X178.jpg,X
C136.jpg,C
W151.jpg,W
R173.jpg,R
C45.jpg,C
C247.jpg,C
E255.jpg,E
W96.jpg,W
R181.jpg,R
E218.jpg,E
V31.jpg,V
W28.jpg,W
B37.jpg,B
A497.jpg,A
U88.jpg,U
X202.jpg,X
Z72.avi,Z
A48.jpg,A
N5.jpg,N
X108.jpg,X
Z329.avi,Z
O354.jpg,O
M157.jpg,M
X137.jpg,X
F170.jpg,F
B468.jpg,B
H88.jpg,H
D301.jpg,D
D304.jpg,D
Y174.jpg,Y
W295.jpg,W
G32.jpg,G
S38.jpg,S
S310.jpg,S
L110.jpg,L
R205.jpg,R
V124.jpg,V
N241.jpg,N
E233.jpg,E
J102.avi,J
E217.jpg,E
B238.jpg,B
E146.jpg,E
H144.jpg,H
M29.jpg,M
U148.jpg,U
U111.jpg,U
G253.jpg,G
A444.jpg,A
P187.jpg,P
E4.jpg,E
D210.jpg,D
P130.jpg,P
M175.jpg,M
F252.jpg,F
C279.jpg,C
D329.jpg,D
V297.jpg,V
E216.jpg,E
A533.jpg,A
N256.jpg,N
N0.jpg,N
O114.jpg,O
X28.jpg,X
O96.jpg,O
W118.jpg,W
D227.jpg,D
Q263.jpg,Q
F318.jpg,F
B445.jpg,B
A320.jpg,A
A535.jpg,A
J131.avi,J
L163.jpg,L
Q139.jpg,Q
G215.jpg,G
C69.jpg,C
K195.jpg,K
C264.jpg,C
B510.jpg,B
B140.jpg,B
U243.jpg,U
Y284.jpg,Y
A518.jpg,A
Z2.avi,Z
L194.jpg,L
I249.jpg,I
E446.jpg,E
L289.jpg,L
J260.avi,J
G207.jpg,G
L202.jpg,L
D203.jpg,D
B202.jpg,B
D258.jpg,D
B5.jpg,B
N272.jpg,N
E172.jpg,E
Q238.jpg,Q
B56.jpg,B
X265.jpg,X
K290.jpg,K
V121.jpg,V
O144.jpg,O
T112.jpg,T
A333.jpg,A
H283.jpg,H
D167.jpg,D
T300.jpg,T
A498.jpg,A
V48.jpg,V
U235.jpg,U
N148.jpg,N
Z48.avi,Z
Z266.avi,Z
Q171.jpg,Q
K44.jpg,K
Q180.jpg,Q
A348.jpg,A
X136.jpg,X
W136.jpg,W
B453.jpg,B
S122.jpg,S
F344.jpg,F
U108.jpg,U
L229.jpg,L
B243.jpg,B
A244.jpg,A
X204.jpg,X
A140.jpg,A
N196.jpg,N
U1.jpg,U
U27.jpg,U
C253.jpg,C
E309.jpg,E
W201.jpg,W
Z392.avi,Z
I332.jpg,I
H2.jpg,H
V195.jpg,V
A157.jpg,A
I296.jpg,I
O307.jpg,O
N140.jpg,N
F63.jpg,F
E157.jpg,E
E438.jpg,E
Q125.jpg,Q
V92.jpg,V
G240.jpg,G
L76.jpg,L
J90.avi,J
O231.jpg,O
W305.jpg,W
Y34.jpg,Y
A503.jpg,A
D377.jpg,D
X180.jpg,X
F81.jpg,F
E359.jpg,E
N142.jpg,N
U107.jpg,U
H337.jpg,H
H85.jpg,H
B303.jpg,B
F350.jpg,F
U283.jpg,U
B376.jpg,B
M168.jpg,M
C78.jpg,C
O358.jpg,O
D64.jpg,D
I331.jpg,I
U75.jpg,U
U15.jpg,U
F107.jpg,F
K218.jpg,K
B497.jpg,B
A527.jpg,A
V46.jpg,V
D268.jpg,D
S288.jpg,S
T130.jpg,T
T252.jpg,T
W34.jpg,W
A130.jpg,A
R8.jpg,R
I80.jpg,I
A393.jpg,A
Y137.jpg,Y
B229.jpg,B
X185.jpg,X
R109.jpg,R
E230.jpg,E
J252.avi,J
K61.jpg,K
X189.jpg,X
F14.jpg,F
X303.jpg,X
H137.jpg,H
T240.jpg,T
Q186.jpg,Q
G248.jpg,G
W290.jpg,W
A45.jpg,A
B39.jpg,B
N19.jpg,N
H259.jpg,H
C323.jpg,C
G101.jpg,G
Y279.jpg,Y
K28.jpg,K
R184.jpg,R
Q10.jpg,Q
M248.jpg,M
R135.jpg,R
Y123.jpg,Y
O63.jpg,O
C266.jpg,C
D286.jpg,D
W240.jpg,W
F374.jpg,F
I90.jpg,I
U161.jpg,U
U22.jpg,U
E236.jpg,E
V186.jpg,V
P105.jpg,P
F368.jpg,F
X268.jpg,X
N101.jpg,N
Q136.jpg,Q
T283.jpg,T
I258.jpg,I
V173.jpg,V
L172.jpg,L
A91.jpg,A
W278.jpg,W
Z147.avi,Z
T119.jpg,T
A377.jpg,A
H30.jpg,H
D222.jpg,D
M64.jpg,M
V94.jpg,V
Z346.avi,Z
I180.jpg,I
P200.jpg,P
Q221.jpg,Q
A20.jpg,A
E291.jpg,E
N65.jpg,N
I190.jpg,I
E114.jpg,E
W69.jpg,W
A222.jpg,A
K108.jpg,K
B220.jpg,B
Z57.avi,Z
W218.jpg,W
Z117.avi,Z
L119.jpg,L
D263.jpg,D
I105.jpg,I
J234.avi,J
S157.jpg,S
G284.jpg,G
J232.avi,J
D41.jpg,D
N242.jpg,N
E24.jpg,E
Y217.jpg,Y
B316.jpg,B
G313.jpg,G
B221.jpg,B
G45.jpg,G
U3.jpg,U
A453.jpg,A
O283.jpg,O
I64.jpg,I
D104.jpg,D
T266.jpg,T
T123.jpg,T
L84.jpg,L
Q199.jpg,Q
H186.jpg,H
W238.jpg,W
B109.jpg,B
E431.jpg,E
Q78.jpg,Q
O222.jpg,O
A438.jpg,A
I255.jpg,I
O111.jpg,O
P106.jpg,P
G110.jpg,G
A127.jpg,A
X138.jpg,X
U117.jpg,U
C177.jpg,C
L108.jpg,L
G65.jpg,G
Y155.jpg,Y
P213.jpg,P
Q126.jpg,Q
D52.jpg,D
I183.jpg,I
P29.jpg,P
A427.jpg,A
M99.jpg,M
D351.jpg,D
G57.jpg,G
F71.jpg,F
D239.jpg,D
A378.jpg,A
J271.avi,J
A398.jpg,A
U246.jpg,U
L245.jpg,L
O207.jpg,O
M202.jpg,M
V330.jpg,V
L180.jpg,L
Z84.avi,Z
M110.jpg,M
L141.jpg,L
U141.jpg,U
Y237.jpg,Y
D219.jpg,D
F184.jpg,F
A410.jpg,A
E380.jpg,E
B463.jpg,B
S16.jpg,S
T176.jpg,T
F379.jpg,F
R225.jpg,R
N179.jpg,N
O7.jpg,O
F236.jpg,F
V3.jpg,V
F276.jpg,F
K234.jpg,K
A10.jpg,A
V254.jpg,V
A229.jpg,A
O90.jpg,O
X15.jpg,X
R89.jpg,R
W269.jpg,W
J287.avi,J
Z6.avi,Z
Z222.avi,Z
J67.avi,J
A445.jpg,A
A360.jpg,A
A369.jpg,A
A392.jpg,A
Z85.avi,Z
Q232.jpg,Q
M126.jpg,M
A510.jpg,A
R171.jpg,R
U244.jpg,U
T98.jpg,T
V322.jpg,V
D262.jpg,D
B455.jpg,B
B475.jpg,B
T211.jpg,T
L253.jpg,L
N2.jpg,N
G251.jpg,G
U156.jpg,U
J182.avi,J
I95.jpg,I
G100.jpg,G
F125.jpg,F
Z132.avi,Z
J221.avi,J
Z196.avi,Z
Z305.avi,Z
B387.jpg,B
Z360.avi,Z
N291.jpg,N
F159.jpg,F
F377.jpg,F
O113.jpg,O
Y26.jpg,Y
F18.jpg,F
X227.jpg,X
G292.jpg,G
A248.jpg,A
L225.jpg,L
P42.jpg,P
Z99.avi,Z
O239.jpg,O
J26.avi,J
S210.jpg,S
D296.jpg,D
U17.jpg,U
Y121.jpg,Y
A237.jpg,A
F100.jpg,F
B8.jpg,B
T284.jpg,T
U19.jpg,U
K219.jpg,K
P23.jpg,P
K202.jpg,K
B93.jpg,B
E274.jpg,E
I342.jpg,I
J39.avi,J
L88.jpg,L
H22.jpg,H
S172.jpg,S
G201.jpg,G
X300.jpg,X
Y136.jpg,Y
P45.jpg,P
U256.jpg,U
P140.jpg,P
X165.jpg,X
E118.jpg,E
S40.jpg,S
Z229.avi,Z
H345.jpg,H
G123.jpg,G
O160.jpg,O
T224.jpg,T
R131.jpg,R
Z97.avi,Z
N69.jpg,N
F259.jpg,F
J255.avi,J
O154.jpg,O
E400.jpg,E
R275.jpg,R
O284.jpg,O
S270.jpg,S
A326.jpg,A
D10.jpg,D
X250.jpg,X
A345.jpg,A
I171.jpg,I
R133.jpg,R
C134.jpg,C
T206.jpg,T
T64.jpg,T
E50.jpg,E
G12.jpg,G
M85.jpg,M
X86.jpg,X
V291.jpg,V
U220.jpg,U
V112.jpg,V
N74.jpg,N
Q110.jpg,Q
Y259.jpg,Y
Y197.jpg,Y
I211.jpg,I
L60.jpg,L
P117.jpg,P
K181.jpg,K
W231.jpg,W
S75.jpg,S
G94.jpg,G
Y138.jpg,Y
I159.jpg,I
I45.jpg,I
E298.jpg,E
S114.jpg,S
N36.jpg,N
O40.jpg,O
R75.jpg,R
I94.jpg,I
U252.jpg,U
J81.avi,J
E17.jpg,E
V24.jpg,V
H26.jpg,H
O27.jpg,O
B355.jpg,B
J296.avi,J
X22.jpg,X
E352.jpg,E
P170.jpg,P
L293.jpg,L
J57.avi,J
C23.jpg,C
Q47.jpg,Q
T275.jpg,T
J196.avi,J
Z101.avi,Z
R254.jpg,R
P183.jpg,P
E168.jpg,E
Y317.jpg,Y
D218.jpg,D
W172.jpg,W
D278.jpg,D
D3.jpg,D
G263.jpg,G
Y292.jpg,Y
I253.jpg,I
V32.jpg,V
Y125.jpg,Y
A349.jpg,A
N185.jpg,N
P44.jpg,P
Q195.jpg,Q
T42.jpg,T
T15.jpg,T
S129.jpg,S
I288.jpg,I
I157.jpg,I
I316.jpg,I
C278.jpg,C
N47.jpg,N
T175.jpg,T
L227.jpg,L
J111.avi,J
S303.jpg,S
A433.jpg,A
O273.jpg,O
U28.jpg,U
F319.jpg,F
O171.jpg,O
Y278.jpg,Y
G106.jpg,G
G164.jpg,G
S233.jpg,S
E43.jpg,E
K71.jpg,K
B486.jpg,B
H281.jpg,H
J63.avi,J
Y296.jpg,Y
K157.jpg,K
K26.jpg,K
W184.jpg,W
F140.jpg,F
Z124.avi,Z
E389.jpg,E
W292.jpg,W
V170.jpg,V
D206.jpg,D
O218.jpg,O
Q265.jpg,Q
O259.jpg,O
R257.jpg,R
N92.jpg,N
A103.jpg,A
J197.avi,J
P65.jpg,P
W181.jpg,W
K283.jpg,K
Y64.jpg,Y
C240.jpg,C
T49.jpg,T
C249.jpg,C
Y99.jpg,Y
Z253.avi,Z
M76.jpg,M
Q249.jpg,Q
C354.jpg,C
I136.jpg,I
Z294.avi,Z
X259.jpg,X
S36.jpg,S
B89.jpg,B
X50.jpg,X
B12.jpg,B
Y113.jpg,Y
O95.jpg,O
A81.jpg,A
B111.jpg,B
I251.jpg,I
X210.jpg,X
A117.jpg,A
I309.jpg,I
R187.jpg,R
K278.jpg,K
G283.jpg,G
Q31.jpg,Q
F109.jpg,F
N89.jpg,N
D373.jpg,D
Q37.jpg,Q
Z121.avi,Z
P119.jpg,P
Z54.avi,Z
T122.jpg,T
T282.jpg,T
S155.jpg,S
P133.jpg,P
C219.jpg,C
L308.jpg,L
L154.jpg,L
P66.jpg,P
S69.jpg,S
B500.jpg,B
P14.jpg,P
K212.jpg,K
R186.jpg,R
B349.jpg,B
J178.avi,J
B1.jpg,B
A2.jpg,A
I297.jpg,I
A169.jpg,A
A51.jpg,A
L343.jpg,L
U157.jpg,U
E124.jpg,E
H236.jpg,H
Q111.jpg,Q
Z241.avi,Z
R55.jpg,R
T236.jpg,T
A133.jpg,A
D6.jpg,D
N181.jpg,N
U247.jpg,U
G144.jpg,G
I14.jpg,I
F336.jpg,F
X104.jpg,X
B436.jpg,B
E13.jpg,E
E183.jpg,E
D93.jpg,D
V237.jpg,V
N82.jpg,N
S85.jpg,S
R67.jpg,R
H238.jpg,H
H60.jpg,H
A255.jpg,A
Z20.avi,Z
K261.jpg,K
X89.jpg,X
F113.jpg,F
O347.jpg,O
F394.jpg,F
R250.jpg,R
O122.jpg,O
U110.jpg,U
D154.jpg,D
X289.jpg,X
V290.jpg,V
Y43.jpg,Y
J266.avi,J
W74.jpg,W
X211.jpg,X
A204.jpg,A
Y252.jpg,Y
H72.jpg,H
C283.jpg,C
B377.jpg,B
T144.jpg,T
K18.jpg,K
D200.jpg,D
I71.jpg,I
A234.jpg,A
C311.jpg,C
M186.jpg,M
W261.jpg,W
Z372.avi,Z
U149.jpg,U
I303.jpg,I
Z384.avi,Z
R142.jpg,R
D13.jpg,D
O91.jpg,O
S197.jpg,S
J191.avi,J
C205.jpg,C
I100.jpg,I
Z105.avi,Z
U66.jpg,U
F144.jpg,F
A436.jpg,A
J100.avi,J
A74.jpg,A
W171.jpg,W
G82.jpg,G
E432.jpg,E
P32.jpg,P
M132.jpg,M
O325.jpg,O
S278.jpg,S
A331.jpg,A
T183.jpg,T
W245.jpg,W
O66.jpg,O
P209.jpg,P
U67.jpg,U
J314.avi,J
Z308.avi,Z
N55.jpg,N
F302.jpg,F
G255.jpg,G
O123.jpg,O
C206.jpg,C
C344.jpg,C
P63.jpg,P
I158.jpg,I
F157.jpg,F
Z7.avi,Z
T287.jpg,T
R167.jpg,R
G83.jpg,G
E77.jpg,E
X81.jpg,X
Z210.avi,Z
C70.jpg,C
B161.jpg,B
D236.jpg,D
H271.jpg,H
D190.jpg,D
Z255.avi,Z
F204.jpg,F
C215.jpg,C
F409.jpg,F
I337.jpg,I
Z68.avi,Z
J176.avi,J
M233.jpg,M
S302.jpg,S
D323.jpg,D
W86.jpg,W
C43.jpg,C
R132.jpg,R
F10.jpg,F
E413.jpg,E
D96.jpg,D
S300.jpg,S
K160.jpg,K
R290.jpg,R
R239.jpg,R
X36.jpg,X
A35.jpg,A
V298.jpg,V
B279.jpg,B
Q119.jpg,Q
N53.jpg,N
D121.jpg,D
T293.jpg,T
L10.jpg,L
K139.jpg,K
Y111.jpg,Y
Q26.jpg,Q
D55.jpg,D
N264.jpg,N
A141.jpg,A
O245.jpg,O
O251.jpg,O
R95.jpg,R
I21.jpg,I
F332.jpg,F
I109.jpg,I
K211.jpg,K
P179.jpg,P
V253.jpg,V
Q185.jpg,Q
T16.jpg,T
G237.jpg,G
H316.jpg,H
S119.jpg,S
W276.jpg,W
N45.jpg,N
E299.jpg,E
Z383.avi,Z
X294.jpg,X
J87.avi,J
T296.jpg,T
D21.jpg,D
C360.jpg,C
X65.jpg,X
K52.jpg,K
U104.jpg,U
S179.jpg,S
G275.jpg,G
X186.jpg,X
S8.jpg,S
N173.jpg,N
C332.jpg,C
H118.jpg,H
Z366.avi,Z
E477.jpg,E
M181.jpg,M
S63.jpg,S
C276.jpg,C
T201.jpg,T
G147.jpg,G
O88.jpg,O
M103.jpg,M
T37.jpg,T
G203.jpg,G
F225.jpg,F
N54.jpg,N
F92.jpg,F
B520.jpg,B
S201.jpg,S
T182.jpg,T
L284.jpg,L
C282.jpg,C
Y285.jpg,Y
L201.jpg,L
R164.jpg,R
N224.jpg,N
E29.jpg,E
U100.jpg,U
Q25.jpg,Q
S120.jpg,S
L230.jpg,L
A407.jpg,A
X112.jpg,X
A312.jpg,A
D357.jpg,D
I272.jpg,I
C25.jpg,C
A128.jpg,A
Z86.avi,Z
I257.jpg,I
N180.jpg,N
B29.jpg,B
A38.jpg,A
O331.jpg,O
Z56.avi,Z
P137.jpg,P
R279.jpg,R
I30.jpg,I
C379.jpg,C
E347.jpg,E
Z280.avi,Z
L313.jpg,L
Y188.jpg,Y
D275.jpg,D
Z152.avi,Z
B258.jpg,B
V15.jpg,V
G16.jpg,G
Z107.avi,Z
O229.jpg,O
Q256.jpg,Q
Q162.jpg,Q
P118.jpg,P
D235.jpg,D
Q240.jpg,Q
G3.jpg,G
U192.jpg,U
A200.jpg,A
W89.jpg,W
P4.jpg,P
T105.jpg,T
B181.jpg,B
E417.jpg,E
O362.jpg,O
E415.jpg,E
N217.jpg,N
E481.jpg,E
J180.avi,J
Z355.avi,Z
I87.jpg,I
O285.jpg,O
N234.jpg,N
S247.jpg,S
F406.jpg,F
M59.jpg,M
G178.jpg,G
T198.jpg,T
H277.jpg,H
E139.jpg,E
Y314.jpg,Y
O80.jpg,O
D90.jpg,D
E351.jpg,E
D346.jpg,D
Z297.avi,Z
E6.jpg,E
L342.jpg,L
I324.jpg,I
K112.jpg,K
H134.jpg,H
N48.jpg,N
H264.jpg,H
G121.jpg,G
H14.jpg,H
V306.jpg,V
E342.jpg,E
D369.jpg,D
G49.jpg,G
S35.jpg,S
J114.avi,J
B442.jpg,B
P214.jpg,P
A306.jpg,A
B351.jpg,B
H249.jpg,H
B134.jpg,B
E482.jpg,E
T93.jpg,T
O205.jpg,O
B272.jpg,B
E234.jpg,E
N151.jpg,N
Z356.avi,Z
J78.avi,J
V138.jpg,V
N273.jpg,N
Z1.avi,Z
E80.jpg,E
Y63.jpg,Y
P168.jpg,P
W113.jpg,W
X118.jpg,X
B145.jpg,B
A265.jpg,A
J54.avi,J
A240.jpg,A
E78.jpg,E
Z186.avi,Z
A284.jpg,A
I214.jpg,I
W106.jpg,W
Q118.jpg,Q
P165.jpg,P
N251.jpg,N
X243.jpg,X
P136.jpg,P
R267.jpg,R
T153.jpg,T
B74.jpg,B
P144.jpg,P
P90.jpg,P
F363.jpg,F
A476.jpg,A
B84.jpg,B
O372.jpg,O
M40.jpg,M
T278.jpg,T
E162.jpg,E
U46.jpg,U
K170.jpg,K
B427.jpg,B
Z82.avi,Z
W288.jpg,W
U238.jpg,U
F416.jpg,F
B417.jpg,B
Y316.jpg,Y
J200.avi,J
Z245.avi,Z
J22.avi,J
B257.jpg,B
Q182.jpg,Q
S271.jpg,S
H68.jpg,H
J50.avi,J
V260.jpg,V
H29.jpg,H
E357.jpg,E
W236.jpg,W
B539.jpg,B
E418.jpg,E
W155.jpg,W
G154.jpg,G
I106.jpg,I
A431.jpg,A
N86.jpg,N
E475.jpg,E
A405.jpg,A
G272.jpg,G
V275.jpg,V
A9.jpg,A
D180.jpg,D
G35.jpg,G
N70.jpg,N
U273.jpg,U
Q214.jpg,Q
Z190.avi,Z
E312.jpg,E
G297.jpg,G
X127.jpg,X
D276.jpg,D
H351.jpg,H
Z262.avi,Z
S281.jpg,S
X96.jpg,X
N136.jpg,N
W42.jpg,W
L147.jpg,L
C103.jpg,C
I10.jpg,I
N135.jpg,N
Y15.jpg,Y
V111.jpg,V
I317.jpg,I
X232.jpg,X
G214.jpg,G
T225.jpg,T
U18.jpg,U
Z104.avi,Z
E443.jpg,E
J38.avi,J
L8.jpg,L
Q149.jpg,Q
C383.jpg,C
R224.jpg,R
G278.jpg,G
O46.jpg,O
Z155.avi,Z
S272.jpg,S
F337.jpg,F
B373.jpg,B
G261.jpg,G
H339.jpg,H
X277.jpg,X
E148.jpg,E
H145.jpg,H
V228.jpg,V
L1.jpg,L
A189.jpg,A
B101.jpg,B
H128.jpg,H
P123.jpg,P
Z217.avi,Z
O10.jpg,O
J9.avi,J
J117.avi,J
M117.jpg,M
D331.jpg,D
A374.jpg,A
L250.jpg,L
E395.jpg,E
T117.jpg,T
C304.jpg,C
K27.jpg,K
W203.jpg,W
B419.jpg,B
C127.jpg,C
C314.jpg,C
E409.jpg,E
B43.jpg,B
Z67.avi,Z
B27.jpg,B
F127.jpg,F
E496.jpg,E
I189.jpg,I
A502.jpg,A
O151.jpg,O
Y131.jpg,Y
E444.jpg,E
L95.jpg,L
Y80.jpg,Y
Q33.jpg,Q
E471.jpg,E
J169.avi,J
R200.jpg,R
O217.jpg,O
Y57.jpg,Y
B255.jpg,B
G75.jpg,G
C373.jpg,C
B36.jpg,B
T231.jpg,T
E383.jpg,E
E56.jpg,E
A192.jpg,A
L153.jpg,L
Z100.avi,Z
E206.jpg,E
D53.jpg,D
T235.jpg,T
G288.jpg,G
F21.jpg,F
I181.jpg,I
A32.jpg,A
H193.jpg,H
Z344.avi,Z
M16.jpg,M
H5.jpg,H
G339.jpg,G
F345.jpg,F
H166.jpg,H
D215.jpg,D
C198.jpg,C
X240.jpg,X
R85.jpg,R
D71.jpg,D
E407.jpg,E
O112.jpg,O
K114.jpg,K
L169.jpg,L
K46.jpg,K
Y199.jpg,Y
X56.jpg,X
N227.jpg,N
K175.jpg,K
F396.jpg,F
A49.jpg,A
N87.jpg,N
A340.jpg,A
Z200.avi,Z
V75.jpg,V
Q246.jpg,Q
V273.jpg,V
K184.jpg,K
M263.jpg,M
B327.jpg,B
N21.jpg,N
B334.jpg,B
C216.jpg,C
O367.jpg,O
P134.jpg,P
B406.jpg,B
D342.jpg,D
H189.jpg,H
E316.jpg,E
X162.jpg,X
E323.jpg,E
V238.jpg,V
O142.jpg,O
K39.jpg,K
L49.jpg,L
V287.jpg,V
W12.jpg,W
J25.avi,J
H16.jpg,H
K232.jpg,K
B22.jpg,B
A202.jpg,A
C321.jpg,C
H139.jpg,H
O186.jpg,O
F141.jpg,F
E404.jpg,E
A5.jpg,A
S295.jpg,S
F83.jpg,F
X183.jpg,X
N228.jpg,N
J138.avi,J
T197.jpg,T
G179.jpg,G
C99.jpg,C
Y76.jpg,Y
O19.jpg,O
I120.jpg,I
E366.jpg,E
H255.jpg,H
X80.jpg,X
G50.jpg,G
T77.jpg,T
N80.jpg,N
W48.jpg,W
K302.jpg,K
Z304.avi,Z
J229.avi,J
J305.avi,J
U211.jpg,U
A294.jpg,A
E241.jpg,E
E361.jpg,E
F285.jpg,F
T164.jpg,T
W144.jpg,W
X53.jpg,X
G71.jpg,G
D158.jpg,D
V103.jpg,V
K276.jpg,K
E465.jpg,E
M166.jpg,M
H306.jpg,H
Z341.avi,Z
F156.jpg,F
B219.jpg,B
X266.jpg,X
B110.jpg,B
W325.jpg,W
J159.avi,J
W239.jpg,W
E49.jpg,E
O344.jpg,O
H143.jpg,H
U204.jpg,U
L249.jpg,L
T24.jpg,T
W216.jpg,W
E447.jpg,E
I359.jpg,I
L113.jpg,L
B396.jpg,B
E89.jpg,E
A88.jpg,A
T220.jpg,T
W175.jpg,W
A251.jpg,A
B132.jpg,B
V320.jpg,V
T34.jpg,T
S250.jpg,S
E228.jpg,E
E102.jpg,E
X13.jpg,X
L41.jpg,L
B300.jpg,B
M164.jpg,M
M55.jpg,M
Y10.jpg,Y
L89.jpg,L
K299.jpg,K
D378.jpg,D
L21.jpg,L
P161.jpg,P
T257.jpg,T
L306.jpg,L
V178.jpg,V
N239.jpg,N
R235.jpg,R
S204.jpg,S
J150.avi,J
X290.jpg,X
R197.jpg,R
A101.jpg,A
Z76.avi,Z
T245.jpg,T
J201.avi,J
J64.avi,J
Y58.jpg,Y
L99.jpg,L
H132.jpg,H
W310.jpg,W
F5.jpg,F
N22.jpg,N
H256.jpg,H
B286.jpg,B
A271.jpg,A
T291.jpg,T
O124.jpg,O
R48.jpg,R
F417.jpg,F
S287.jpg,S
A403.jpg,A
F15.jpg,F
Z293.avi,Z
O220.jpg,O
G310.jpg,G
V109.jpg,V
V56.jpg,V
O340.jpg,O
G165.jpg,G
E227.jpg,E
K138.jpg,K
M104.jpg,M
R87.jpg,R
O70.jpg,O
B44.jpg,B
Z94.avi,Z
C188.jpg,C
P142.jpg,P
O134.jpg,O
B535.jpg,B
O292.jpg,O
Q130.jpg,Q
C139.jpg,C
A105.jpg,A
X87.jpg,X
J298.avi,J
O36.jpg,O
P92.jpg,P
D182.jpg,D
T159.jpg,T
M51.jpg,M
C377.jpg,C
I354.jpg,I
L111.jpg,L
L167.jpg,L
A65.jpg,A
K113.jpg,K
J13.avi,J
D336.jpg,D
N266.jpg,N
J310.avi,J
P36.jpg,P
M183.jpg,M
O194.jpg,O
D58.jpg,D
O252.jpg,O
U47.jpg,U
S102.jpg,S
Y301.jpg,Y
M70.jpg,M
E334.jpg,E
O164.jpg,O
L217.jpg,L
D294.jpg,D
W237.jpg,W
B309.jpg,B
K161.jpg,K
K207.jpg,K
K15.jpg,K
Q133.jpg,Q
K209.jpg,K
R80.jpg,R
Y180.jpg,Y
Z335.avi,Z
Q213.jpg,Q
D298.jpg,D
Y30.jpg,Y
B278.jpg,B
O201.jpg,O
Q21.jpg,Q
C194.jpg,C
R51.jpg,R
S6.jpg,S
Q243.jpg,Q
H116.jpg,H
N90.jpg,N
B529.jpg,B
D47.jpg,D
C112.jpg,C
A514.jpg,A
V99.jpg,V
O313.jpg,O
G315.jpg,G
N200.jpg,N
X62.jpg,X
D229.jpg,D
O127.jpg,O
U83.jpg,U
W1.jpg,W
D314.jpg,D
O234.jpg,O
G190.jpg,G
K45.jpg,K
R231.jpg,R
A134.jpg,A
E90.jpg,E
W73.jpg,W
Y89.jpg,Y
F77.jpg,F
K205.jpg,K
T213.jpg,T
L77.jpg,L
E199.jpg,E
D201.jpg,D
B14.jpg,B
A302.jpg,A
A415.jpg,A
D291.jpg,D
I16.jpg,I
R114.jpg,R
X84.jpg,X
T187.jpg,T
Y310.jpg,Y
N108.jpg,N
F410.jpg,F
K34.jpg,K
C250.jpg,C
Z53.avi,Z
W110.jpg,W
H332.jpg,H
F281.jpg,F
B347.jpg,B
T165.jpg,T
Y226.jpg,Y
Q252.jpg,Q
V332.jpg,V
C106.jpg,C
E485.jpg,E
Z139.avi,Z
A307.jpg,A
V214.jpg,V
D1.jpg,D
G146.jpg,G
D264.jpg,D
F205.jpg,F
B13.jpg,B
M34.jpg,M
G19.jpg,G
Z358.avi,Z
I165.jpg,I
A401.jpg,A
Z333.avi,Z
E266.jpg,E
X94.jpg,X
I51.jpg,I
P1.jpg,P
Z191.avi,Z
B338.jpg,B
F229.jpg,F
I328.jpg,I
E406.jpg,E
U242.jpg,U
C108.jpg,C
K264.jpg,K
H160.jpg,H
D194.jpg,D
N250.jpg,N
F255.jpg,F
R13.jpg,R
H149.jpg,H
B374.jpg,B
Q132.jpg,Q
E163.jpg,E
Z354.avi,Z
L179.jpg,L
A178.jpg,A
F346.jpg,F
F36.jpg,F
U284.jpg,U
Q203.jpg,Q
B167.jpg,B
Q50.jpg,Q
O86.jpg,O
M2.jpg,M
H325.jpg,H
P162.jpg,P
W223.jpg,W
D15.jpg,D
W71.jpg,W
L14.jpg,L
G259.jpg,G
V96.jpg,V
F13.jpg,F
B481.jpg,B
R191.jpg,R
G316.jpg,G
P191.jpg,P
G6.jpg,G
G217.jpg,G
Q71.jpg,Q
Z138.avi,Z
M35.jpg,M
E394.jpg,E
B129.jpg,B
I160.jpg,I
H75.jpg,H
E38.jpg,E
L78.jpg,L
Z0.avi,Z
R194.jpg,R
F295.jpg,F
C267.jpg,C
L240.jpg,L
V185.jpg,V
A346.jpg,A
B268.jpg,B
Y179.jpg,Y
Y302.jpg,Y
Q236.jpg,Q
B3.jpg,B
O192.jpg,O
K136.jpg,K
U101.jpg,U
N34.jpg,N
A313.jpg,A
B168.jpg,B
V234.jpg,V
V49.jpg,V
F192.jpg,F
U276.jpg,U
R188.jpg,R
G4.jpg,G
E434.jpg,E
H36.jpg,H
R242.jpg,R
E455.jpg,E
O41.jpg,O
B77.jpg,B
R23.jpg,R
B340.jpg,B
Z171.avi,Z
B104.jpg,B
I122.jpg,I
H124.jpg,H
M239.jpg,M
E364.jpg,E
Q274.jpg,Q
S44.jpg,S
R172.jpg,R
N145.jpg,N
E388.jpg,E
A257.jpg,A
N174.jpg,N
O303.jpg,O
C111.jpg,C
A145.jpg,A
O297.jpg,O
A50.jpg,A
H73.jpg,H
D97.jpg,D
V239.jpg,V
B38.jpg,B
Q69.jpg,Q
D84.jpg,D
X132.jpg,X
V163.jpg,V
Z164.avi,Z
X70.jpg,X
L144.jpg,L
L304.jpg,L
B31.jpg,B
K190.jpg,K
K31.jpg,K
U105.jpg,U
L188.jpg,L
P28.jpg,P
J205.avi,J
J280.avi,J
X274.jpg,X
C263.jpg,C
G271.jpg,G
E463.jpg,E
J136.avi,J
D48.jpg,D
S108.jpg,S
C151.jpg,C
M12.jpg,M
Q201.jpg,Q
C277.jpg,C
B65.jpg,B
L87.jpg,L
C152.jpg,C
E320.jpg,E
U69.jpg,U
W334.jpg,W
Q0.jpg,Q
M234.jpg,M
B147.jpg,B
I68.jpg,I
W101.jpg,W
B318.jpg,B
Z328.avi,Z
Z50.avi,Z
N276.jpg,N
Z52.avi,Z
K53.jpg,K
T129.jpg,T
B531.jpg,B
J14.avi,J
V61.jpg,V
X181.jpg,X
D305.jpg,D
P25.jpg,P
A199.jpg,A
S221.jpg,S
N244.jpg,N
C160.jpg,C
Y8.jpg,Y
C133.jpg,C
Z185.avi,Z
H190.jpg,H
C225.jpg,C
I204.jpg,I
D151.jpg,D
I348.jpg,I
B485.jpg,B
Z122.avi,Z
E257.jpg,E
W209.jpg,W
E430.jpg,E
O109.jpg,O
S276.jpg,S
D303.jpg,D
P160.jpg,P
B479.jpg,B
W275.jpg,W
I117.jpg,I
G241.jpg,G
O54.jpg,O
D367.jpg,D
J210.avi,J
A421.jpg,A
I285.jpg,I
N247.jpg,N
K228.jpg,K
U37.jpg,U
F152.jpg,F
A161.jpg,A
Q223.jpg,Q
C217.jpg,C
U167.jpg,U
W212.jpg,W
O228.jpg,O
F143.jpg,F
M141.jpg,M
L124.jpg,L
F322.jpg,F
S274.jpg,S
B193.jpg,B
E61.jpg,E
Y225.jpg,Y
K84.jpg,K
R64.jpg,R
I197.jpg,I
D50.jpg,D
G287.jpg,G
S260.jpg,S
M94.jpg,M
N10.jpg,N
M81.jpg,M
B386.jpg,B
H138.jpg,H
Z27.avi,Z
W303.jpg,W
G264.jpg,G
H350.jpg,H
O256.jpg,O
F131.jpg,F
U91.jpg,U
E84.jpg,E
O373.jpg,O
A252.jpg,A
T90.jpg,T
K5.jpg,K
R221.jpg,R
O242.jpg,O
W142.jpg,W
Q217.jpg,Q
R149.jpg,R
H201.jpg,H
L48.jpg,L
B201.jpg,B
F153.jpg,F
N77.jpg,N
W93.jpg,W
S222.jpg,S
F272.jpg,F
G67.jpg,G
Z273.avi,Z
Z264.avi,Z
O271.jpg,O
B108.jpg,B
A397.jpg,A
L305.jpg,L
R86.jpg,R
E82.jpg,E
M27.jpg,M
O330.jpg,O
A418.jpg,A
V60.jpg,V
A426.jpg,A
O69.jpg,O
D324.jpg,D
Q128.jpg,Q
B438.jpg,B
K213.jpg,K
K169.jpg,K
A238.jpg,A
K162.jpg,K
V37.jpg,V
L140.jpg,L
B155.jpg,B
U277.jpg,U
B68.jpg,B
B7.jpg,B
O118.jpg,O
L268.jpg,L
Z288.avi,Z
V117.jpg,V
L233.jpg,L
G232.jpg,G
M108.jpg,M
Z319.avi,Z
G187.jpg,G
W345.jpg,W
Y261.jpg,Y
W94.jpg,W
Y117.jpg,Y
P199.jpg,P
X39.jpg,X
A532.jpg,A
I245.jpg,I
T294.jpg,T
G28.jpg,G
X35.jpg,X
Y287.jpg,Y
K133.jpg,K
G90.jpg,G
S9.jpg,S
L301.jpg,L
N15.jpg,N
M262.jpg,M
F359.jpg,F
G228.jpg,G
V118.jpg,V
N126.jpg,N
R156.jpg,R
D312.jpg,D
Y149.jpg,Y
H209.jpg,H
W130.jpg,W
K54.jpg,K
K286.jpg,K
Y86.jpg,Y
C63.jpg,C
E387.jpg,E
C248.jpg,C
Z8.avi,Z
P138.jpg,P
V123.jpg,V
K248.jpg,K
K106.jpg,K
T17.jpg,T
H282.jpg,H
J40.avi,J
T70.jpg,T
R260.jpg,R
K200.jpg,K
A183.jpg,A
Q65.jpg,Q
C145.jpg,C
E223.jpg,E
Y51.jpg,Y
M173.jpg,M
N281.jpg,N
J300.avi,J
K7.jpg,K
U139.jpg,U
L258.jpg,L
P85.jpg,P
G226.jpg,G
V63.jpg,V
N233.jpg,N
G223.jpg,G
E293.jpg,E
E27.jpg,E
Z257.avi,Z
T128.jpg,T
D39.jpg,D
I52.jpg,I
F243.jpg,F
S144.jpg,S
O92.jpg,O
D70.jpg,D
E208.jpg,E
I352.jpg,I
T14.jpg,T
A387.jpg,A
R154.jpg,R
T185.jpg,T
S39.jpg,S
A163.jpg,A
S309.jpg,S
N72.jpg,N
B63.jpg,B
V206.jpg,V
D307.jpg,D
D22.jpg,D
L255.jpg,L
F133.jpg,F
X177.jpg,X
W158.jpg,W
Y55.jpg,Y
F193.jpg,F
F85.jpg,F
H105.jpg,H
Y266.jpg,Y
B2.jpg,B
D9.jpg,D
J65.avi,J
M182.jpg,M
Y260.jpg,Y
H315.jpg,H
I304.jpg,I
Y183.jpg,Y
F165.jpg,F
Q34.jpg,Q
X287.jpg,X
A517.jpg,A
W318.jpg,W
A477.jpg,A
B180.jpg,B
C31.jpg,C
Y196.jpg,Y
Y36.jpg,Y
R16.jpg,R
I107.jpg,I
H126.jpg,H
E305.jpg,E
Z15.avi,Z
V66.jpg,V
G224.jpg,G
T69.jpg,T
Q153.jpg,Q
Q104.jpg,Q
H210.jpg,H
I295.jpg,I
C257.jpg,C
J185.avi,J
M74.jpg,M
C254.jpg,C
A108.jpg,A
S229.jpg,S
M42.jpg,M
W3.jpg,W
V212.jpg,V
M241.jpg,M
N60.jpg,N
A406.jpg,A
C0.jpg,C
I336.jpg,I
V184.jpg,V
S299.jpg,S
E486.jpg,E
M3.jpg,M
Q117.jpg,Q
E479.jpg,E
K24.jpg,K
O319.jpg,O
B40.jpg,B
Q19.jpg,Q
K96.jpg,K
R263.jpg,R
E58.jpg,E
T78.jpg,T
F328.jpg,F
N66.jpg,N
F104.jpg,F
X55.jpg,X
V261.jpg,V
F70.jpg,F
C220.jpg,C
Q258.jpg,Q
Y143.jpg,Y
R179.jpg,R
C367.jpg,C
O299.jpg,O
X34.jpg,X
I26.jpg,I
B493.jpg,B
I262.jpg,I
G220.jpg,G
C230.jpg,C
Z49.avi,Z
G216.jpg,G
F269.jpg,F
T132.jpg,T
N155.jpg,N
N280.jpg,N
G152.jpg,G
K316.jpg,K
Z371.avi,Z
Q72.jpg,Q
C110.jpg,C
G309.jpg,G
J4.avi,J
Z388.avi,Z
H74.jpg,H
G168.jpg,G
I261.jpg,I
V210.jpg,V
T177.jpg,T
G210.jpg,G
Y50.jpg,Y
W268.jpg,W
O28.jpg,O
M216.jpg,M
B495.jpg,B
S205.jpg,S
R19.jpg,R
H342.jpg,H
Y46.jpg,Y
R106.jpg,R
N95.jpg,N
N131.jpg,N
U228.jpg,U
K118.jpg,K
D92.jpg,D
H229.jpg,H
Z157.avi,Z
R265.jpg,R
F51.jpg,F
G103.jpg,G
D108.jpg,D
A364.jpg,A
X169.jpg,X
O8.jpg,O
Q62.jpg,Q
R63.jpg,R
Z310.avi,Z
P60.jpg,P
B113.jpg,B
L325.jpg,L
F128.jpg,F
J97.avi,J
J43.avi,J
S128.jpg,S
W164.jpg,W
U165.jpg,U
C109.jpg,C
O208.jpg,O
F98.jpg,F
B365.jpg,B
B441.jpg,B
B232.jpg,B
T3.jpg,T
C87.jpg,C
X307.jpg,X
E47.jpg,E
I128.jpg,I
G252.jpg,G
W59.jpg,W
K91.jpg,K
A80.jpg,A
R236.jpg,R
I40.jpg,I
H175.jpg,H
O110.jpg,O
C333.jpg,C
C94.jpg,C
S137.jpg,S
I12.jpg,I
R90.jpg,R
P52.jpg,P
U59.jpg,U
K145.jpg,K
K111.jpg,K
D340.jpg,D
V284.jpg,V
J301.avi,J
W36.jpg,W
H93.jpg,H
I287.jpg,I
Z90.avi,Z
I56.jpg,I
A144.jpg,A
N160.jpg,N
L319.jpg,L
V47.jpg,V
G27.jpg,G
C53.jpg,C
C309.jpg,C
E401.jpg,E
F200.jpg,F
A441.jpg,A
K67.jpg,K
I98.jpg,I
G188.jpg,G
F110.jpg,F
N114.jpg,N
X92.jpg,X
A356.jpg,A
E324.jpg,E
K101.jpg,K
G304.jpg,G
B239.jpg,B
E331.jpg,E
I173.jpg,I
W247.jpg,W
C246.jpg,C
A72.jpg,A
C19.jpg,C
B251.jpg,B
V1.jpg,V
Z130.avi,Z
X79.jpg,X
E134.jpg,E
C54.jpg,C
D330.jpg,D
G2.jpg,G
O221.jpg,O
X8.jpg,X
E64.jpg,E
V324.jpg,V
G182.jpg,G
R262.jpg,R
V122.jpg,V
I357.jpg,I
T223.jpg,T
C244.jpg,C
O286.jpg,O
R214.jpg,R
D45.jpg,D
A84.jpg,A
D51.jpg,D
L28.jpg,L
A151.jpg,A
H1.jpg,H
J115.avi,J
U231.jpg,U
C164.jpg,C
B326.jpg,B
F221.jpg,F
V71.jpg,V
R277.jpg,R
G296.jpg,G
G236.jpg,G
C347.jpg,C
C41.jpg,C
O181.jpg,O
H204.jpg,H
B158.jpg,B
U151.jpg,U
W271.jpg,W
G61.jpg,G
R217.jpg,R
C258.jpg,C
O339.jpg,O
Z332.avi,Z
J33.avi,J
L338.jpg,L
G246.jpg,G
A11.jpg,A
F354.jpg,F
D348.jpg,D
V331.jpg,V
C261.jpg,C
A455.jpg,A
J302.avi,J
Z167.avi,Z
B206.jpg,B
F366.jpg,F
C104.jpg,C
T116.jpg,T
V137.jpg,V
I23.jpg,I
F23.jpg,F
B264.jpg,B
H62.jpg,H
O310.jpg,O
N125.jpg,N
U55.jpg,U
B305.jpg,B
B444.jpg,B
O108.jpg,O
A529.jpg,A
X188.jpg,X
U94.jpg,U
N43.jpg,N
E410.jpg,E
H17.jpg,H
D59.jpg,D
D105.jpg,D
O163.jpg,O
A21.jpg,A
B172.jpg,B
B200.jpg,B
M58.jpg,M
M200.jpg,M
R228.jpg,R
A112.jpg,A
A507.jpg,A
Q7.jpg,Q
I215.jpg,I
K23.jpg,K
C50.jpg,C
G112.jpg,G
Z10.avi,Z
W250.jpg,W
K125.jpg,K
V84.jpg,V
Z74.avi,Z
Z321.avi,Z
E276.jpg,E
B208.jpg,B
I131.jpg,I
W204.jpg,W
A246.jpg,A
K98.jpg,K
F327.jpg,F
F91.jpg,F
U213.jpg,U
E368.jpg,E
Z256.avi,Z
W79.jpg,W
B458.jpg,B
P3.jpg,P
Y35.jpg,Y
V144.jpg,V
S208.jpg,S
U23.jpg,U
R176.jpg,R
H63.jpg,H
N38.jpg,N
E269.jpg,E
Z219.avi,Z
F323.jpg,F
Y228.jpg,Y
L231.jpg,L
V211.jpg,V
K192.jpg,K
H135.jpg,H
T298.jpg,T
U251.jpg,U
K143.jpg,K
L219.jpg,L
I231.jpg,I
L239.jpg,L
O129.jpg,O
C315.jpg,C
T7.jpg,T
B117.jpg,B
W205.jpg,W
R101.jpg,R
Z62.avi,Z
G208.jpg,G
N192.jpg,N
I73.jpg,I
J237.avi,J
F175.jpg,F
G122.jpg,G
Y78.jpg,Y
M254.jpg,M
J41.avi,J
A295.jpg,A
F11.jpg,F
Z136.avi,Z
V135.jpg,V
D147.jpg,D
F241.jpg,F
B75.jpg,B
P205.jpg,P
H356.jpg,H
H214.jpg,H
O74.jpg,O
Y2.jpg,Y
Q46.jpg,Q
F265.jpg,F
R128.jpg,R
C97.jpg,C
Z149.avi,Z
K237.jpg,K
G1.jpg,G
N120.jpg,N
F320.jpg,F
M253.jpg,M
F162.jpg,F
Y244.jpg,Y
H235.jpg,H
C15.jpg,C
A449.jpg,A
A182.jpg,A
L131.jpg,L
A422.jpg,A
D101.jpg,D
I84.jpg,I
Q216.jpg,Q
P58.jpg,P
B478.jpg,B
F335.jpg,F
A521.jpg,A
P83.jpg,P
Q193.jpg,Q
Y276.jpg,Y
P116.jpg,P
D114.jpg,D
X275.jpg,X
A482.jpg,A
R61.jpg,R
W176.jpg,W
B435.jpg,B
D29.jpg,D
H207.jpg,H
F6.jpg,F
A537.jpg,A
V265.jpg,V
I130.jpg,I
Z183.avi,Z
C370.jpg,C
O188.jpg,O
Z194.avi,Z
V223.jpg,V
O183.jpg,O
O57.jpg,O
F65.jpg,F
J211.avi,J
Q210.jpg,Q
D273.jpg,D
D85.jpg,D
V281.jpg,V
I235.jpg,I
M206.jpg,M
G73.jpg,G
S101.jpg,S
D224.jpg,D
B73.jpg,B
B522.jpg,B
X5.jpg,X
P78.jpg,P
A26.jpg,A
N27.jpg,N
P8.jpg,P
C284.jpg,C
O212.jpg,O
H79.jpg,H
A425.jpg,A
I62.jpg,I
J99.avi,J
A154.jpg,A
N109.jpg,N
D191.jpg,D
O324.jpg,O
V156.jpg,V
Z244.avi,Z
B484.jpg,B
M185.jpg,M
C172.jpg,C
S72.jpg,S
N18.jpg,N
U82.jpg,U
W58.jpg,W
Z389.avi,Z
I3.jpg,I
C349.jpg,C
H110.jpg,H
B199.jpg,B
N235.jpg,N
B139.jpg,B
E349.jpg,E
L285.jpg,L
G329.jpg,G
H50.jpg,H
N172.jpg,N
A36.jpg,A
F286.jpg,F
E30.jpg,E
V169.jpg,V
Q85.jpg,Q
V55.jpg,V
M156.jpg,M
F389.jpg,F
E322.jpg,E
A75.jpg,A
T178.jpg,T
E136.jpg,E
Q150.jpg,Q
I41.jpg,I
S110.jpg,S
X273.jpg,X
Y214.jpg,Y
M96.jpg,M
S245.jpg,S
D334.jpg,D
W296.jpg,W
M23.jpg,M
E105.jpg,E
L224.jpg,L
G235.jpg,G
X101.jpg,X
J8.avi,J
N150.jpg,N
S191.jpg,S
O141.jpg,O
A293.jpg,A
K243.jpg,K
O250.jpg,O
E370.jpg,E
X52.jpg,X
V4.jpg,V
U98.jpg,U
I284.jpg,I
E495.jpg,E
B178.jpg,B
B332.jpg,B
N3.jpg,N
X75.jpg,X
T168.jpg,T
A289.jpg,A
I218.jpg,I
F253.jpg,F
V87.jpg,V
M217.jpg,M
N42.jpg,N
G281.jpg,G
C40.jpg,C
D166.jpg,D
V11.jpg,V
U126.jpg,U
Z387.avi,Z
L67.jpg,L
J192.avi,J
G211.jpg,G
H258.jpg,H
A0.jpg,A
P197.jpg,P
X261.jpg,X
Z108.avi,Z
F88.jpg,F
Z220.avi,Z
P148.jpg,P
P111.jpg,P
B47.jpg,B
J256.avi,J
F89.jpg,F
E180.jpg,E
H39.jpg,H
F112.jpg,F
H11.jpg,H
J119.avi,J
C71.jpg,C
A500.jpg,A
S280.jpg,S
E337.jpg,E
H330.jpg,H
S134.jpg,S
T150.jpg,T
U8.jpg,U
X57.jpg,X
C158.jpg,C
E34.jpg,E
A337.jpg,A
K185.jpg,K
B284.jpg,B
S223.jpg,S
I48.jpg,I
K239.jpg,K
G325.jpg,G
T20.jpg,T
P155.jpg,P
L214.jpg,L
B283.jpg,B
C371.jpg,C
D322.jpg,D
E120.jpg,E
F72.jpg,F
D353.jpg,D
B42.jpg,B
L58.jpg,L
V295.jpg,V
C102.jpg,C
K72.jpg,K
A52.jpg,A
C346.jpg,C
S147.jpg,S
S277.jpg,S
D129.jpg,D
H327.jpg,H
U282.jpg,U
P129.jpg,P
F411.jpg,F
E271.jpg,E
B174.jpg,B
V245.jpg,V
G221.jpg,G
D315.jpg,D
B299.jpg,B
O334.jpg,O
G229.jpg,G
W294.jpg,W
F220.jpg,F
E348.jpg,E
Z277.avi,Z
U25.jpg,U
O363.jpg,O
V45.jpg,V
B78.jpg,B
Y39.jpg,Y
N218.jpg,N
H107.jpg,H
K267.jpg,K
D4.jpg,D
E317.jpg,E
M140.jpg,M
B230.jpg,B
W324.jpg,W
D320.jpg,D
X222.jpg,X
Y134.jpg,Y
N195.jpg,N
K11.jpg,K
Q93.jpg,Q
T209.jpg,T
C273.jpg,C
E493.jpg,E
Q4.jpg,Q
G14.jpg,G
C29.jpg,C
E192.jpg,E
W328.jpg,W
B412.jpg,B
I112.jpg,I
L2.jpg,L
I5.jpg,I
E153.jpg,E
K75.jpg,K
S258.jpg,S
G143.jpg,G
B391.jpg,B
C118.jpg,C
D139.jpg,D
H54.jpg,H
X156.jpg,X
W102.jpg,W
J104.avi,J
K107.jpg,K
K154.jpg,K
Z330.avi,Z
F238.jpg,F
F186.jpg,F
A57.jpg,A
O145.jpg,O
N165.jpg,N
F239.jpg,F
C38.jpg,C
W13.jpg,W
F207.jpg,F
B312.jpg,B
S67.jpg,S
H127.jpg,H
R38.jpg,R
E260.jpg,E
E211.jpg,E
X200.jpg,X
L52.jpg,L
Q156.jpg,Q
W232.jpg,W
D188.jpg,D
R259.jpg,R
M189.jpg,M
T281.jpg,T
V19.jpg,V
V302.jpg,V
P163.jpg,P
E62.jpg,E
Q13.jpg,Q
K270.jpg,K
B186.jpg,B
J98.avi,J
D12.jpg,D
I55.jpg,I
U268.jpg,U
K43.jpg,K
I319.jpg,I
Z207.avi,Z
I22.jpg,I
U146.jpg,U
A256.jpg,A
E95.jpg,E
S266.jpg,S
P215.jpg,P
T99.jpg,T
I221.jpg,I
C227.jpg,C
U177.jpg,U
H292.jpg,H
Y267.jpg,Y
Z337.avi,Z
K217.jpg,K
S269.jpg,S
C18.jpg,C
V28.jpg,V
Z312.avi,Z
B353.jpg,B
L105.jpg,L
U212.jpg,U
G127.jpg,G
G115.jpg,G
X224.jpg,X
O167.jpg,O
V139.jpg,V
W246.jpg,W
Q52.jpg,Q
B267.jpg,B
A522.jpg,A
J24.avi,J
K284.jpg,K
M107.jpg,M
C289.jpg,C
H104.jpg,H
N236.jpg,N
N1.jpg,N
S112.jpg,S
P97.jpg,P
W254.jpg,W
T219.jpg,T
D231.jpg,D
A447.jpg,A
N4.jpg,N
T109.jpg,T
W258.jpg,W
J236.avi,J
V314.jpg,V
K158.jpg,K
V323.jpg,V
B321.jpg,B
D146.jpg,D
N58.jpg,N
N288.jpg,N
B424.jpg,B
H10.jpg,H
H205.jpg,H
U190.jpg,U
Z44.avi,Z
B402.jpg,B
O298.jpg,O
U271.jpg,U
S99.jpg,S
V127.jpg,V
Y3.jpg,Y
J95.avi,J
K266.jpg,K
D33.jpg,D
L107.jpg,L
E142.jpg,E
I53.jpg,I
T267.jpg,T
C338.jpg,C
S241.jpg,S
A391.jpg,A
X97.jpg,X
G247.jpg,G
W83.jpg,W
G298.jpg,G
T80.jpg,T
R105.jpg,R
T5.jpg,T
L142.jpg,L
E408.jpg,E
X281.jpg,X
H112.jpg,H
D135.jpg,D
T46.jpg,T
Z116.avi,Z
Q115.jpg,Q
X49.jpg,X
O99.jpg,O
G69.jpg,G
B30.jpg,B
H341.jpg,H
V312.jpg,V
C141.jpg,C
K60.jpg,K
H212.jpg,H
M21.jpg,M
M272.jpg,M
I208.jpg,I
K144.jpg,K
A92.jpg,A
D225.jpg,D
X58.jpg,X
D186.jpg,D
T81.jpg,T
J231.avi,J
Q135.jpg,Q
K265.jpg,K
H48.jpg,H
G335.jpg,G
F121.jpg,F
J267.avi,J
X302.jpg,X
S41.jpg,S
U233.jpg,U
B58.jpg,B
L237.jpg,L
U134.jpg,U
M236.jpg,M
Y234.jpg,Y
M171.jpg,M
G109.jpg,G
D61.jpg,D
K282.jpg,K
B282.jpg,B
Y96.jpg,Y
B130.jpg,B
E251.jpg,E
P182.jpg,P
J85.avi,J
M90.jpg,M
Z247.avi,Z
K69.jpg,K
I153.jpg,I
C20.jpg,C
A351.jpg,A
U200.jpg,U
C181.jpg,C
B35.jpg,B
V209.jpg,V
S77.jpg,S
Y91.jpg,Y
B359.jpg,B
K187.jpg,K
J303.avi,J
D102.jpg,D
B474.jpg,B
J47.avi,J
C125.jpg,C
K210.jpg,K
E149.jpg,E
A221.jpg,A
W76.jpg,W
X175.jpg,X
D374.jpg,D
G126.jpg,G
O60.jpg,O
H83.jpg,H
N230.jpg,N
A19.jpg,A
A451.jpg,A
T208.jpg,T
Q2.jpg,Q
L15.jpg,L
H253.jpg,H
R223.jpg,R
C117.jpg,C
C221.jpg,C
J71.avi,J
E133.jpg,E
J251.avi,J
V91.jpg,V
Q82.jpg,Q
F28.jpg,F
W320.jpg,W
Q188.jpg,Q
L26.jpg,L
O249.jpg,O
W215.jpg,W
J168.avi,J
T276.jpg,T
M195.jpg,M
W308.jpg,W
H203.jpg,H
I206.jpg,I
S232.jpg,S
A118.jpg,A
S283.jpg,S
W105.jpg,W
F290.jpg,F
B363.jpg,B
Q271.jpg,Q
C67.jpg,C
W17.jpg,W
C124.jpg,C
A124.jpg,A
Z145.avi,Z
E296.jpg,E
B218.jpg,B
E403.jpg,E
Q64.jpg,Q
V335.jpg,V
W66.jpg,W
B291.jpg,B
T12.jpg,T
U7.jpg,U
X47.jpg,X
E424.jpg,E
S50.jpg,S
C302.jpg,C
C130.jpg,C
O294.jpg,O
E252.jpg,E
B523.jpg,B
A25.jpg,A
B301.jpg,B
U129.jpg,U
F150.jpg,F
X126.jpg,X
A319.jpg,A
H223.jpg,H
E103.jpg,E
J170.avi,J
V68.jpg,V
L25.jpg,L
H346.jpg,H
A198.jpg,A
B204.jpg,B
L150.jpg,L
G280.jpg,G
G218.jpg,G
T230.jpg,T
Q53.jpg,Q
J226.avi,J
B337.jpg,B
V190.jpg,V
X225.jpg,X
X288.jpg,X
K85.jpg,K
K55.jpg,K
C239.jpg,C
Q231.jpg,Q
A332.jpg,A
D355.jpg,D
O265.jpg,O
I283.jpg,I
T61.jpg,T
R125.jpg,R
N285.jpg,N
J277.avi,J
H65.jpg,H
C369.jpg,C
R79.jpg,R
J146.avi,J
T251.jpg,T
M213.jpg,M
W244.jpg,W
J219.avi,J
M257.jpg,M
Y122.jpg,Y
D94.jpg,D
N169.jpg,N
H45.jpg,H
K318.jpg,K
S3.jpg,S
C12.jpg,C
K148.jpg,K
B269.jpg,B
P61.jpg,P
O173.jpg,O
R282.jpg,R
B176.jpg,B
H23.jpg,H
Z195.avi,Z
E210.jpg,E
Z228.avi,Z
V176.jpg,V
J107.avi,J
K305.jpg,K
R271.jpg,R
G231.jpg,G
Z180.avi,Z
I346.jpg,I
C357.jpg,C
V136.jpg,V
P208.jpg,P
T26.jpg,T
O83.jpg,O
K83.jpg,K
V13.jpg,V
E363.jpg,E
Y186.jpg,Y
W281.jpg,W
D183.jpg,D
D86.jpg,D
A373.jpg,A
J36.avi,J
Y201.jpg,Y
I330.jpg,I
O224.jpg,O
O132.jpg,O
B83.jpg,B
K231.jpg,K
Y171.jpg,Y
X0.jpg,X
A352.jpg,A
L155.jpg,L
R72.jpg,R
A380.jpg,A
V145.jpg,V
C290.jpg,C
L295.jpg,L
Y167.jpg,Y
U175.jpg,U
E300.jpg,E
V288.jpg,V
S55.jpg,S
F75.jpg,F
S284.jpg,S
A150.jpg,A
A489.jpg,A
C132.jpg,C
I182.jpg,I
T39.jpg,T
A283.jpg,A
V277.jpg,V
G102.jpg,G
T44.jpg,T
I276.jpg,I
B99.jpg,B
F8.jpg,F
E59.jpg,E
J144.avi,J
C330.jpg,C
X154.jpg,X
A93.jpg,A
Q86.jpg,Q
L303.jpg,L
B76.jpg,B
I111.jpg,I
H95.jpg,H
J218.avi,J
P102.jpg,P
T23.jpg,T
K288.jpg,K
D288.jpg,D
Q241.jpg,Q
D89.jpg,D
Y24.jpg,Y
F195.jpg,F
M143.jpg,M
B276.jpg,B
A280.jpg,A
A61.jpg,A
H130.jpg,H
R129.jpg,R
V129.jpg,V
S30.jpg,S
I82.jpg,I
E147.jpg,E
G202.jpg,G
H167.jpg,H
F307.jpg,F
X18.jpg,X
B281.jpg,B
U152.jpg,U
D150.jpg,D
Y68.jpg,Y
I108.jpg,I
E445.jpg,E
S306.jpg,S
L211.jpg,L
R78.jpg,R
N35.jpg,N
J137.avi,J
S242.jpg,S
A253.jpg,A
Q48.jpg,Q
V43.jpg,V
E79.jpg,E
K88.jpg,K
L114.jpg,L
Y127.jpg,Y
X102.jpg,X
L242.jpg,L
N221.jpg,N
B191.jpg,B
G189.jpg,G
J142.avi,J
T0.jpg,T
Z320.avi,Z
B26.jpg,B
I88.jpg,I
B483.jpg,B
S148.jpg,S
G96.jpg,G
V257.jpg,V
F360.jpg,F
T247.jpg,T
E290.jpg,E
Q63.jpg,Q
H297.jpg,H
Z301.avi,Z
T190.jpg,T
H49.jpg,H
K102.jpg,K
X245.jpg,X
E152.jpg,E
G120.jpg,G
L257.jpg,L
L210.jpg,L
S189.jpg,S
C212.jpg,C
M113.jpg,M
O65.jpg,O
N133.jpg,N
H117.jpg,H
T102.jpg,T
J122.avi,J
O9.jpg,O
O357.jpg,O
S78.jpg,S
L223.jpg,L
C100.jpg,C
B80.jpg,B
R97.jpg,R
M120.jpg,M
K115.jpg,K
H245.jpg,H
N197.jpg,N
L3.jpg,L
R180.jpg,R
W211.jpg,W
W18.jpg,W
L270.jpg,L
R256.jpg,R
W233.jpg,W
H173.jpg,H
C272.jpg,C
M106.jpg,M
N186.jpg,N
E279.jpg,E
F149.jpg,F
Z109.avi,Z
T25.jpg,T
H115.jpg,H
P100.jpg,P
U264.jpg,U
A329.jpg,A
N210.jpg,N
B527.jpg,B
Y253.jpg,Y
W31.jpg,W
Y182.jpg,Y
I2.jpg,I
E365.jpg,E
W112.jpg,W
L256.jpg,L
A273.jpg,A
Y144.jpg,Y
B401.jpg,B
P166.jpg,P
E488.jpg,E
X151.jpg,X
I329.jpg,I
A479.jpg,A
E65.jpg,E
Y156.jpg,Y
L18.jpg,L
A365.jpg,A
E41.jpg,E
I349.jpg,I
M13.jpg,M
Q205.jpg,Q
S131.jpg,S
O236.jpg,O
J126.avi,J
E161.jpg,E
G88.jpg,G
D356.jpg,D
X196.jpg,X
B511.jpg,B
U54.jpg,U
G170.jpg,G
U76.jpg,U
W50.jpg,W
D216.jpg,D
B227.jpg,B
J11.avi,J
C201.jpg,C
K62.jpg,K
D31.jpg,D
D131.jpg,D
X157.jpg,X
V304.jpg,V
V188.jpg,V
X51.jpg,X
P175.jpg,P
C96.jpg,C
N279.jpg,N
W167.jpg,W
A85.jpg,A
F29.jpg,F
W147.jpg,W
T2.jpg,T
J262.avi,J
F401.jpg,F
D308.jpg,D
B240.jpg,B
F402.jpg,F
O13.jpg,O
C9.jpg,C
K32.jpg,K
E492.jpg,E
A242.jpg,A
C179.jpg,C
N231.jpg,N
R152.jpg,R
O5.jpg,O
J203.avi,J
G89.jpg,G
V134.jpg,V
F189.jpg,F
X209.jpg,X
J51.avi,J
H80.jpg,H
J0.avi,J
L80.jpg,L
B532.jpg,B
S28.jpg,S
K271.jpg,K
B378.jpg,B
J270.avi,J
X262.jpg,X
E154.jpg,E
F46.jpg,F
X214.jpg,X
M252.jpg,M
F300.jpg,F
I236.jpg,I
B15.jpg,B
F349.jpg,F
W264.jpg,W
B23.jpg,B
K64.jpg,K
M199.jpg,M
N134.jpg,N
Z80.avi,Z
B317.jpg,B
F99.jpg,F
Q268.jpg,Q
E12.jpg,E
K289.jpg,K
B45.jpg,B
E97.jpg,E
I307.jpg,I
U181.jpg,U
Q30.jpg,Q
B59.jpg,B
M24.jpg,M
F118.jpg,F
S248.jpg,S
S70.jpg,S
K241.jpg,K
N37.jpg,N
R69.jpg,R
W343.jpg,W
B454.jpg,B
F293.jpg,F
W43.jpg,W
A266.jpg,A
F50.jpg,F
L161.jpg,L
J84.avi,J
B530.jpg,B
K8.jpg,K
R261.jpg,R
E53.jpg,E
W23.jpg,W
H266.jpg,H
P7.jpg,P
A525.jpg,A
P109.jpg,P
B414.jpg,B
V158.jpg,V
E285.jpg,E
E0.jpg,E
F257.jpg,F
S216.jpg,S
L130.jpg,L
S80.jpg,S
M137.jpg,M
P121.jpg,P
X24.jpg,X
E112.jpg,E
F268.jpg,F
I223.jpg,I
E242.jpg,E
I110.jpg,I
Z203.avi,Z
G138.jpg,G
B503.jpg,B
B461.jpg,B
T71.jpg,T
I140.jpg,I
U77.jpg,U
A291.jpg,A
Z128.avi,Z
Q59.jpg,Q
V58.jpg,V
T6.jpg,T
B266.jpg,B
O326.jpg,O
D137.jpg,D
V21.jpg,V
O116.jpg,O
Z370.avi,Z
S113.jpg,S
O87.jpg,O
F208.jpg,F
H81.jpg,H
C331.jpg,C
H19.jpg,H
G295.jpg,G
K37.jpg,K
B128.jpg,B
U13.jpg,U
W98.jpg,W
B67.jpg,B
W253.jpg,W
C270.jpg,C
B528.jpg,B
A344.jpg,A
E369.jpg,E
R17.jpg,R
P153.jpg,P
A56.jpg,A
H254.jpg,H
I8.jpg,I
G38.jpg,G
K269.jpg,K
F187.jpg,F
U249.jpg,U
Z323.avi,Z
J61.avi,J
C48.jpg,C
Q75.jpg,Q
C256.jpg,C
E45.jpg,E
F44.jpg,F
C285.jpg,C
S251.jpg,S
N112.jpg,N
I34.jpg,I
H163.jpg,H
C51.jpg,C
T155.jpg,T
Y293.jpg,Y
V62.jpg,V
Q189.jpg,Q
P164.jpg,P
Q191.jpg,Q
O200.jpg,O
V264.jpg,V
J288.avi,J
J222.avi,J
E21.jpg,E
A181.jpg,A
O185.jpg,O
H336.jpg,H
C358.jpg,C
T65.jpg,T
S220.jpg,S
A262.jpg,A
E459.jpg,E
D232.jpg,D
A515.jpg,A
I121.jpg,I
Z363.avi,Z
N16.jpg,N
R81.jpg,R
T243.jpg,T
A506.jpg,A
Y187.jpg,Y
L328.jpg,L
W266.jpg,W
N292.jpg,N
N122.jpg,N
L247.jpg,L
T151.jpg,T
O23.jpg,O
G322.jpg,G
N12.jpg,N
K315.jpg,K
H152.jpg,H
L151.jpg,L
L145.jpg,L
M0.jpg,M
O244.jpg,O
W243.jpg,W
Y139.jpg,Y
T106.jpg,T
S145.jpg,S
S196.jpg,S
G85.jpg,G
M243.jpg,M
T163.jpg,T
Q101.jpg,Q
Y18.jpg,Y
Z270.avi,Z
W335.jpg,W
A41.jpg,A
I278.jpg,I
F54.jpg,F
B154.jpg,B
Z239.avi,Z
I150.jpg,I
H314.jpg,H
V200.jpg,V
R146.jpg,R
H321.jpg,H
D123.jpg,D
A143.jpg,A
L0.jpg,L
M5.jpg,M
F179.jpg,F
Q145.jpg,Q
G142.jpg,G
R43.jpg,R
Z39.avi,Z
D250.jpg,D
W137.jpg,W
Z340.avi,Z
S255.jpg,S
L101.jpg,L
J165.avi,J
F17.jpg,F
G30.jpg,G
O359.jpg,O
V225.jpg,V
I163.jpg,I
A383.jpg,A
B24.jpg,B
G79.jpg,G
Q244.jpg,Q
E127.jpg,E
N257.jpg,N
L53.jpg,L
A446.jpg,A
Y162.jpg,Y
W111.jpg,W
A270.jpg,A
R284.jpg,R
Y146.jpg,Y
X61.jpg,X
U263.jpg,U
E346.jpg,E
D344.jpg,D
L271.jpg,L
I24.jpg,I
Z75.avi,Z
H194.jpg,H
O147.jpg,O
Y222.jpg,Y
I7.jpg,I
G87.jpg,G
E15.jpg,E
H123.jpg,H
J186.avi,J
Z137.avi,Z
M227.jpg,M
M14.jpg,M
W248.jpg,W
I58.jpg,I
V57.jpg,V
C291.jpg,C
D127.jpg,D
M88.jpg,M
D43.jpg,D
F56.jpg,F
X45.jpg,X
J248.avi,J
F59.jpg,F
O235.jpg,O
B120.jpg,B
B214.jpg,B
O176.jpg,O
N146.jpg,N
D321.jpg,D
L19.jpg,L
W242.jpg,W
Y45.jpg,Y
C101.jpg,C
E491.jpg,E
H233.jpg,H
R9.jpg,R
U34.jpg,U
I69.jpg,I
T233.jpg,T
R74.jpg,R
M38.jpg,M
S43.jpg,S
B434.jpg,B
S194.jpg,S
S224.jpg,S
Z380.avi,Z
F341.jpg,F
F289.jpg,F
I358.jpg,I
V104.jpg,V
R12.jpg,R
I17.jpg,I
A287.jpg,A
K189.jpg,K
B476.jpg,B
B509.jpg,B
Q8.jpg,Q
A197.jpg,A
B366.jpg,B
H165.jpg,H
W272.jpg,W
D106.jpg,D
V80.jpg,V
B367.jpg,B
I308.jpg,I
J86.avi,J
R121.jpg,R
Z91.avi,Z
U207.jpg,U
B173.jpg,B
A299.jpg,A
E423.jpg,E
E229.jpg,E
A317.jpg,A
W62.jpg,W
A384.jpg,A
P190.jpg,P
K70.jpg,K
Z223.avi,Z
K92.jpg,K
R247.jpg,R
E436.jpg,E
A179.jpg,A
C59.jpg,C
C84.jpg,C
O6.jpg,O
H21.jpg,H
Z250.avi,Z
O312.jpg,O
I135.jpg,I
J177.avi,J
R57.jpg,R
B354.jpg,B
N253.jpg,N
V181.jpg,V
A119.jpg,A
R46.jpg,R
S200.jpg,S
L312.jpg,L
B380.jpg,B
T180.jpg,T
A190.jpg,A
N268.jpg,N
V194.jpg,V
C186.jpg,C
O166.jpg,O
F160.jpg,F
G342.jpg,G
A67.jpg,A
F96.jpg,F
Z106.avi,Z
G68.jpg,G
P189.jpg,P
L109.jpg,L
C203.jpg,C
W52.jpg,W
Y224.jpg,Y
Q251.jpg,Q
E358.jpg,E
A459.jpg,A
O169.jpg,O
P72.jpg,P
E174.jpg,E
O106.jpg,O
B293.jpg,B
N189.jpg,N
B211.jpg,B
R37.jpg,R
O321.jpg,O
G140.jpg,G
B245.jpg,B
K203.jpg,K
E36.jpg,E
E336.jpg,E
C150.jpg,C
C183.jpg,C
C60.jpg,C
I126.jpg,I
E177.jpg,E
R177.jpg,R
Z238.avi,Z
L292.jpg,L
O233.jpg,O
O247.jpg,O
C325.jpg,C
H153.jpg,H
L189.jpg,L
H246.jpg,H
B231.jpg,B
C293.jpg,C
R103.jpg,R
W230.jpg,W
H284.jpg,H
S49.jpg,S
I247.jpg,I
R21.jpg,R
O158.jpg,O
S135.jpg,S
J279.avi,J
R70.jpg,R
D287.jpg,D
U239.jpg,U
V143.jpg,V
E129.jpg,E
D283.jpg,D
Z154.avi,Z
I216.jpg,I
S153.jpg,S
A519.jpg,A
Z231.avi,Z
E213.jpg,E
W339.jpg,W
H293.jpg,H
B289.jpg,B
N152.jpg,N
F256.jpg,F
T138.jpg,T
A193.jpg,A
L204.jpg,L
L17.jpg,L
I186.jpg,I
H252.jpg,H
G76.jpg,G
B446.jpg,B
I77.jpg,I
Y37.jpg,Y
M158.jpg,M
D255.jpg,D
I91.jpg,I
Z368.avi,Z
B261.jpg,B
P26.jpg,P
F34.jpg,F
Y160.jpg,Y
O280.jpg,O
N94.jpg,N
Z276.avi,Z
M25.jpg,M
E319.jpg,E
V149.jpg,V
R3.jpg,R
G276.jpg,G
V313.jpg,V
R234.jpg,R
K40.jpg,K
K99.jpg,K
G311.jpg,G
A491.jpg,A
Z181.avi,Z
D368.jpg,D
Y250.jpg,Y
V26.jpg,V
K141.jpg,K
M86.jpg,M
K198.jpg,K
I289.jpg,I
H41.jpg,H
C159.jpg,C
A17.jpg,A
L196.jpg,L
E122.jpg,E
G107.jpg,G
L138.jpg,L
S225.jpg,S
K36.jpg,K
G340.jpg,G
W197.jpg,W
J30.avi,J
L22.jpg,L
E381.jpg,E
D242.jpg,D
L345.jpg,L
E221.jpg,E
A458.jpg,A
Y198.jpg,Y
A512.jpg,A
Q215.jpg,Q
X69.jpg,X
V187.jpg,V
T173.jpg,T
K253.jpg,K
E311.jpg,E
W220.jpg,W
Z113.avi,Z
T52.jpg,T
X198.jpg,X
K230.jpg,K
N41.jpg,N
L120.jpg,L
U209.jpg,U
A110.jpg,A
Q49.jpg,Q
F352.jpg,F
H180.jpg,H
Q109.jpg,Q
P216.jpg,P
W317.jpg,W
H228.jpg,H
A27.jpg,A
B343.jpg,B
K285.jpg,K
F58.jpg,F
G291.jpg,G
A430.jpg,A
F90.jpg,F
R28.jpg,R
B54.jpg,B
H46.jpg,H
X234.jpg,X
M79.jpg,M
L4.jpg,L
W284.jpg,W
G227.jpg,G
E121.jpg,E
C85.jpg,C
U179.jpg,U
S152.jpg,S
D199.jpg,D
K150.jpg,K
I28.jpg,I
C57.jpg,C
A463.jpg,A
D112.jpg,D
Z394.avi,Z
A107.jpg,A
S60.jpg,S
I75.jpg,I
X193.jpg,X
J130.avi,J
X90.jpg,X
A100.jpg,A
V249.jpg,V
S11.jpg,S
M115.jpg,M
P186.jpg,P
U172.jpg,U
R183.jpg,R
M30.jpg,M
T270.jpg,T
A96.jpg,A
Z65.avi,Z
A207.jpg,A
A310.jpg,A
G193.jpg,G
L318.jpg,L
I169.jpg,I
G128.jpg,G
K306.jpg,K
D244.jpg,D
G25.jpg,G
X179.jpg,X
H230.jpg,H
T27.jpg,T
W190.jpg,W
N277.jpg,N
E265.jpg,E
H303.jpg,H
M197.jpg,M
F55.jpg,F
X100.jpg,X
D56.jpg,D
K180.jpg,K
N162.jpg,N
M50.jpg,M
S37.jpg,S
V73.jpg,V
R157.jpg,R
Q168.jpg,Q
F198.jpg,F
D38.jpg,D
T21.jpg,T
O105.jpg,O
H86.jpg,H
O42.jpg,O
O365.jpg,O
N183.jpg,N
F376.jpg,F
D266.jpg,D
C149.jpg,C
I299.jpg,I
M154.jpg,M
Y42.jpg,Y
O22.jpg,O
O51.jpg,O
C380.jpg,C
U206.jpg,U
B175.jpg,B
Z123.avi,Z
W200.jpg,W
S95.jpg,S
Z115.avi,Z
T126.jpg,T
J309.avi,J
M116.jpg,M
W128.jpg,W
R143.jpg,R
Y306.jpg,Y
A301.jpg,A
F26.jpg,F
L152.jpg,L
V51.jpg,V
T174.jpg,T
Z290.avi,Z
O191.jpg,O
O68.jpg,O
O355.jpg,O
J88.avi,J
M228.jpg,M
Z296.avi,Z
E273.jpg,E
E40.jpg,E
I0.jpg,I
Y161.jpg,Y
G21.jpg,G
S143.jpg,S
M222.jpg,M
L30.jpg,L
L236.jpg,L
G17.jpg,G
A481.jpg,A
C14.jpg,C
I164.jpg,I
F124.jpg,F
T114.jpg,T
S107.jpg,S
K183.jpg,K
X242.jpg,X
M57.jpg,M
X73.jpg,X
M131.jpg,M
T148.jpg,T
R233.jpg,R
S211.jpg,S
B471.jpg,B
G265.jpg,G
A18.jpg,A
D339.jpg,D
A452.jpg,A
O349.jpg,O
E473.jpg,E
P56.jpg,P
Z59.avi,Z
T285.jpg,T
O64.jpg,O
G46.jpg,G
K6.jpg,K
R136.jpg,R
N282.jpg,N
A456.jpg,A
Z172.avi,Z
H77.jpg,H
K173.jpg,K
W260.jpg,W
H262.jpg,H
W33.jpg,W
B280.jpg,B
T204.jpg,T
N156.jpg,N
Z81.avi,Z
C210.jpg,C
A435.jpg,A
Q22.jpg,Q
K152.jpg,K
E390.jpg,E
A250.jpg,A
Q262.jpg,Q
C131.jpg,C
H320.jpg,H
C147.jpg,C
S226.jpg,S
U32.jpg,U
I27.jpg,I
F20.jpg,F
B34.jpg,B
D68.jpg,D
Z379.avi,Z
V44.jpg,V
D272.jpg,D
P198.jpg,P
D302.jpg,D
A526.jpg,A
B489.jpg,B
E191.jpg,E
K221.jpg,K
B16.jpg,B
D371.jpg,D
X173.jpg,X
H158.jpg,H
I228.jpg,I
Y213.jpg,Y
Q51.jpg,Q
D245.jpg,D
R160.jpg,R
W56.jpg,W
J249.avi,J
C11.jpg,C
Z38.avi,Z
Q151.jpg,Q
H8.jpg,H
P180.jpg,P
N205.jpg,N
F155.jpg,F
X40.jpg,X
V271.jpg,V
P12.jpg,P
Y21.jpg,Y
Q92.jpg,Q
N190.jpg,N
A272.jpg,A
Y17.jpg,Y
C296.jpg,C
D87.jpg,D
B313.jpg,B
B408.jpg,B
F340.jpg,F
Z197.avi,Z
Z240.avi,Z
S190.jpg,S
T200.jpg,T
E190.jpg,E
A442.jpg,A
A24.jpg,A
S140.jpg,S
E113.jpg,E
Y67.jpg,Y
H302.jpg,H
A131.jpg,A
E340.jpg,E
N171.jpg,N
L116.jpg,L
D366.jpg,D
I155.jpg,I
K222.jpg,K
B105.jpg,B
B452.jpg,B
K134.jpg,K
K268.jpg,K
V151.jpg,V
F219.jpg,F
O76.jpg,O
M219.jpg,M
F294.jpg,F
B418.jpg,B
C105.jpg,C
F404.jpg,F
H177.jpg,H
Q18.jpg,Q
C173.jpg,C
K104.jpg,K
I96.jpg,I
A89.jpg,A
N222.jpg,N
J183.avi,J
I104.jpg,I
J1.avi,J
C168.jpg,C
G59.jpg,G
C294.jpg,C
X78.jpg,X
I141.jpg,I
A216.jpg,A
E341.jpg,E
E143.jpg,E
F69.jpg,F
Q68.jpg,Q
O213.jpg,O
U40.jpg,U
M77.jpg,M
F414.jpg,F
G33.jpg,G
S202.jpg,S
G333.jpg,G
A120.jpg,A
D299.jpg,D
A309.jpg,A
G18.jpg,G
A191.jpg,A
Z114.avi,Z
V65.jpg,V
M268.jpg,M
L296.jpg,L
Q264.jpg,Q
G55.jpg,G
A282.jpg,A
P124.jpg,P
A208.jpg,A
G20.jpg,G
R120.jpg,R
M208.jpg,M
A94.jpg,A
J193.avi,J
I327.jpg,I
U201.jpg,U
Q116.jpg,Q
J19.avi,J
S12.jpg,S
Z166.avi,Z
B273.jpg,B
A454.jpg,A
Y290.jpg,Y
D277.jpg,D
E91.jpg,E
A212.jpg,A
X278.jpg,X
R117.jpg,R
S20.jpg,S
K172.jpg,K
Y87.jpg,Y
D133.jpg,D
J162.avi,J
O268.jpg,O
S193.jpg,S
Y286.jpg,Y
P220.jpg,P
F383.jpg,F
F321.jpg,F
A58.jpg,A
L186.jpg,L
W54.jpg,W
I154.jpg,I
J149.avi,J
A350.jpg,A
J230.avi,J
U224.jpg,U
T253.jpg,T
T269.jpg,T
Z28.avi,Z
W21.jpg,W
O184.jpg,O
L71.jpg,L
U210.jpg,U
F4.jpg,F
C195.jpg,C
K307.jpg,K
I167.jpg,I
T96.jpg,T
D49.jpg,D
T157.jpg,T
E11.jpg,E
D261.jpg,D
U180.jpg,U
I220.jpg,I
B390.jpg,B
O261.jpg,O
Y231.jpg,Y
F183.jpg,F
Z209.avi,Z
K156.jpg,K
Q273.jpg,Q
E69.jpg,E
V166.jpg,V
Q220.jpg,Q
I59.jpg,I
R199.jpg,R
V279.jpg,V
U254.jpg,U
Y32.jpg,Y
T228.jpg,T
U130.jpg,U
U168.jpg,U
A259.jpg,A
C361.jpg,C
Z242.avi,Z
C80.jpg,C
A466.jpg,A
X130.jpg,X
X74.jpg,X
V180.jpg,V
L117.jpg,L
X252.jpg,X
H231.jpg,H
X71.jpg,X
B297.jpg,B
D327.jpg,D
A483.jpg,A
A98.jpg,A
K255.jpg,K
L315.jpg,L
K310.jpg,K
A339.jpg,A
A205.jpg,A
D75.jpg,D
S136.jpg,S
D11.jpg,D
Z357.avi,Z
D297.jpg,D
A22.jpg,A
P76.jpg,P
W156.jpg,W
A226.jpg,A
V64.jpg,V
S65.jpg,S
K159.jpg,K
Y90.jpg,Y
P49.jpg,P
M48.jpg,M
X201.jpg,X
Y85.jpg,Y
S235.jpg,S
L66.jpg,L
R47.jpg,R
W146.jpg,W
B141.jpg,B
K301.jpg,K
D95.jpg,D
J55.avi,J
U52.jpg,U
Z77.avi,Z
I241.jpg,I
Z95.avi,Z
B79.jpg,B
W85.jpg,W
F97.jpg,F
M112.jpg,M
D247.jpg,D
G175.jpg,G
O59.jpg,O
B95.jpg,B
B515.jpg,B
A97.jpg,A
T149.jpg,T
I325.jpg,I
O177.jpg,O
G51.jpg,G
Z216.avi,Z
V108.jpg,V
I248.jpg,I
K300.jpg,K
X182.jpg,X
S267.jpg,S
M139.jpg,M
E74.jpg,E
O253.jpg,O
B194.jpg,B
M83.jpg,M
Y60.jpg,Y
I252.jpg,I
Q27.jpg,Q
P19.jpg,P
H82.jpg,H
Z18.avi,Z
W109.jpg,W
J275.avi,J
X99.jpg,X
N81.jpg,N
U257.jpg,U
X217.jpg,X
N263.jpg,N
T167.jpg,T
H150.jpg,H
S296.jpg,S
V236.jpg,V
O361.jpg,O
M155.jpg,M
R244.jpg,R
Y291.jpg,Y
U166.jpg,U
U279.jpg,U
A59.jpg,A
D211.jpg,D
C128.jpg,C
Q1.jpg,Q
N63.jpg,N
L85.jpg,L
K249.jpg,K
L104.jpg,L
E460.jpg,E
R124.jpg,R
D267.jpg,D
H319.jpg,H
A232.jpg,A
X48.jpg,X
K245.jpg,K
X153.jpg,X
R246.jpg,R
A164.jpg,A
W9.jpg,W
X122.jpg,X
Y282.jpg,Y
D289.jpg,D
F270.jpg,F
P139.jpg,P
P135.jpg,P
S17.jpg,S
N157.jpg,N
A37.jpg,A
G305.jpg,G
Y44.jpg,Y
T54.jpg,T
M78.jpg,M
P156.jpg,P
V319.jpg,V
E456.jpg,E
H20.jpg,H
E374.jpg,E
O270.jpg,O
X221.jpg,X
O227.jpg,O
J6.avi,J
A528.jpg,A
A359.jpg,A
E7.jpg,E
J284.avi,J
N199.jpg,N
F0.jpg,F
Y211.jpg,Y
J112.avi,J
F182.jpg,F
F103.jpg,F
H98.jpg,H
Q248.jpg,Q
U198.jpg,U
M223.jpg,M
C74.jpg,C
V5.jpg,V
H179.jpg,H
G230.jpg,G
U194.jpg,U
Z353.avi,Z
R6.jpg,R
E235.jpg,E
U275.jpg,U
K76.jpg,K
I66.jpg,I
J157.avi,J
Y218.jpg,Y
X236.jpg,X
S139.jpg,S
B222.jpg,B
C192.jpg,C
F161.jpg,F
A122.jpg,A
G260.jpg,G
T113.jpg,T
G199.jpg,G
E284.jpg,E
Y242.jpg,Y
D157.jpg,D
U199.jpg,U
S195.jpg,S
I133.jpg,I
E150.jpg,E
I60.jpg,I
Q137.jpg,Q
Y25.jpg,Y
L277.jpg,L
V113.jpg,V
F181.jpg,F
S282.jpg,S
M209.jpg,M
F108.jpg,F
A440.jpg,A
H151.jpg,H
Y98.jpg,Y
C237.jpg,C
A115.jpg,A
H78.jpg,H
S164.jpg,S
Y220.jpg,Y
U89.jpg,U
K186.jpg,K
X170.jpg,X
S292.jpg,S
A243.jpg,A
L329.jpg,L
W138.jpg,W
O360.jpg,O
B384.jpg,B
M246.jpg,M
F106.jpg,F
H157.jpg,H
Q114.jpg,Q
O152.jpg,O
L98.jpg,L
H70.jpg,H
Z254.avi,Z
D81.jpg,D
R168.jpg,R
D361.jpg,D
A524.jpg,A
R127.jpg,R
E151.jpg,E
O32.jpg,O
D349.jpg,D
I118.jpg,I
F32.jpg,F
G48.jpg,G
T63.jpg,T
D118.jpg,D
Z188.avi,Z
B491.jpg,B
U64.jpg,U
E258.jpg,E
A361.jpg,A
I78.jpg,I
L37.jpg,L
Y257.jpg,Y
Y247.jpg,Y
G184.jpg,G
U68.jpg,U
V105.jpg,V
Z22.avi,Z
N98.jpg,N
L51.jpg,L
U95.jpg,U
C342.jpg,C
D282.jpg,D
E468.jpg,E
E167.jpg,E
E231.jpg,E
D159.jpg,D
Z232.avi,Z
U128.jpg,U
A180.jpg,A
B196.jpg,B
O71.jpg,O
Z89.avi,Z
X247.jpg,X
P150.jpg,P
D270.jpg,D
Z23.avi,Z
Q155.jpg,Q
X297.jpg,X
X296.jpg,X
X271.jpg,X
I137.jpg,I
C286.jpg,C
N212.jpg,N
C218.jpg,C
H28.jpg,H
Q142.jpg,Q
H37.jpg,H
E52.jpg,E
M31.jpg,M
I18.jpg,I
F258.jpg,F
R189.jpg,R
G136.jpg,G
H196.jpg,H
K42.jpg,K
J45.avi,J
Y83.jpg,Y
Z201.avi,Z
A71.jpg,A
Z159.avi,Z
G39.jpg,G
C375.jpg,C
Y289.jpg,Y
E275.jpg,E
N220.jpg,N
B64.jpg,B
F364.jpg,F
E158.jpg,E
B41.jpg,B
G92.jpg,G
R272.jpg,R
T43.jpg,T
H355.jpg,H
O39.jpg,O
C363.jpg,C
C208.jpg,C
Y142.jpg,Y
D24.jpg,D
T229.jpg,T
R108.jpg,R
X31.jpg,X
Y298.jpg,Y
O155.jpg,O
W262.jpg,W
I142.jpg,I
X284.jpg,X
G327.jpg,G
W177.jpg,W
C300.jpg,C
O14.jpg,O
N166.jpg,N
F202.jpg,F
P203.jpg,P
D372.jpg,D
M43.jpg,M
I146.jpg,I
B252.jpg,B
H349.jpg,H
Q202.jpg,Q
Q84.jpg,Q
C119.jpg,C
Z289.avi,Z
J198.avi,J
B223.jpg,B
M259.jpg,M
B179.jpg,B
S181.jpg,S
B70.jpg,B
V76.jpg,V
M225.jpg,M
B126.jpg,B
F9.jpg,F
J264.avi,J
J228.avi,J
V218.jpg,V
M179.jpg,M
J209.avi,J
O162.jpg,O
U14.jpg,U
E126.jpg,E
F233.jpg,F
C56.jpg,C
E194.jpg,E
Z376.avi,Z
U208.jpg,U
R45.jpg,R
A220.jpg,A
F395.jpg,F
M91.jpg,M
W342.jpg,W
H261.jpg,H
G282.jpg,G
M232.jpg,M
C271.jpg,C
F316.jpg,F
P141.jpg,P
A520.jpg,A
D354.jpg,D
Z235.avi,Z
W255.jpg,W
X187.jpg,X
D28.jpg,D
Y219.jpg,Y
J276.avi,J
R212.jpg,R
B150.jpg,B
U30.jpg,U
Z46.avi,Z
C378.jpg,C
S217.jpg,S
H318.jpg,H
B451.jpg,B
J113.avi,J
B524.jpg,B
W302.jpg,W
A269.jpg,A
N209.jpg,N
J125.avi,J
V321.jpg,V
F308.jpg,F
P67.jpg,P
R283.jpg,R
G174.jpg,G
J27.avi,J
I219.jpg,I
G206.jpg,G
Y269.jpg,Y
G53.jpg,G
M101.jpg,M
J32.avi,J
K220.jpg,K
H218.jpg,H
L203.jpg,L
A173.jpg,A
I36.jpg,I
X285.jpg,X
N252.jpg,N
Z58.avi,Z
G319.jpg,G
H219.jpg,H
C252.jpg,C
E81.jpg,E
I193.jpg,I
E449.jpg,E
N73.jpg,N
F164.jpg,F
B379.jpg,B
R269.jpg,R
R286.jpg,R
F35.jpg,F
M178.jpg,M
Z267.avi,Z
Z373.avi,Z
Z112.avi,Z
G133.jpg,G
N278.jpg,N
U133.jpg,U
Z165.avi,Z
G338.jpg,G
K246.jpg,K
F230.jpg,F
Z324.avi,Z
Z102.avi,Z
F210.jpg,F
P132.jpg,P
V69.jpg,V
M184.jpg,M
E185.jpg,E
E247.jpg,E
U202.jpg,U
A370.jpg,A
C197.jpg,C
G56.jpg,G
L200.jpg,L
X220.jpg,X
K4.jpg,K
X129.jpg,X
D173.jpg,D
L288.jpg,L
Q206.jpg,Q
N24.jpg,N
T216.jpg,T
U160.jpg,U
X239.jpg,X
C46.jpg,C
L183.jpg,L
G257.jpg,G
E256.jpg,E
F38.jpg,F
C35.jpg,C
I57.jpg,I
B146.jpg,B
F151.jpg,F
N193.jpg,N
B383.jpg,B
P18.jpg,P
W252.jpg,W
V219.jpg,V
H305.jpg,H
B507.jpg,B
S298.jpg,S
A467.jpg,A
A138.jpg,A
S34.jpg,S
Z119.avi,Z
D375.jpg,D
D280.jpg,D
O156.jpg,O
A488.jpg,A
D252.jpg,D
Y283.jpg,Y
E421.jpg,E
R153.jpg,R
U123.jpg,U
Z206.avi,Z
M8.jpg,M
M66.jpg,M
S231.jpg,S
Y102.jpg,Y
F382.jpg,F
P172.jpg,P
B296.jpg,B
N78.jpg,N
L248.jpg,L
C91.jpg,C
E453.jpg,E
X219.jpg,X
W168.jpg,W
B103.jpg,B
I4.jpg,I
E321.jpg,E
T226.jpg,T
N115.jpg,N
W270.jpg,W
Y106.jpg,Y
J243.avi,J
Y22.jpg,Y
J160.avi,J
R204.jpg,R
E399.jpg,E
O215.jpg,O
X23.jpg,X
P126.jpg,P
D23.jpg,D
U265.jpg,U
L97.jpg,L
R215.jpg,R
Q197.jpg,Q
S259.jpg,S
F176.jpg,F
H34.jpg,H
E55.jpg,E
J254.avi,J
J273.avi,J
F30.jpg,F
W32.jpg,W
D325.jpg,D
I292.jpg,I
I147.jpg,I
L182.jpg,L
I290.jpg,I
M238.jpg,M
L276.jpg,L
G334.jpg,G
F27.jpg,F
C178.jpg,C
H220.jpg,H
Z317.avi,Z
W0.jpg,W
V240.jpg,V
D62.jpg,D
O371.jpg,O
N161.jpg,N
O302.jpg,O
V289.jpg,V
X254.jpg,X
E392.jpg,E
U147.jpg,U
O56.jpg,O
H273.jpg,H
L191.jpg,L
I350.jpg,I
C255.jpg,C
G8.jpg,G
V299.jpg,V
E144.jpg,E
T286.jpg,T
V7.jpg,V
X91.jpg,X
A363.jpg,A
E307.jpg,E
V193.jpg,V
P108.jpg,P
L324.jpg,L
I237.jpg,I
Q113.jpg,Q
B86.jpg,B
M266.jpg,M
D259.jpg,D
X134.jpg,X
X155.jpg,X
L221.jpg,L
Z205.avi,Z
W321.jpg,W
H347.jpg,H
X299.jpg,X
R241.jpg,R
Y172.jpg,Y
Y194.jpg,Y
W91.jpg,W
R4.jpg,R
Q140.jpg,Q
L63.jpg,L
Y158.jpg,Y
E28.jpg,E
F304.jpg,F
S7.jpg,S
C288.jpg,C
J34.avi,J
F392.jpg,F
W315.jpg,W
U262.jpg,U
N83.jpg,N
F246.jpg,F
Z227.avi,Z
H76.jpg,H
T87.jpg,T
K33.jpg,K
P31.jpg,P
F78.jpg,F
X133.jpg,X
O353.jpg,O
V192.jpg,V
B253.jpg,B
H178.jpg,H
A484.jpg,A
Z233.avi,Z
E25.jpg,E
Z45.avi,Z
H146.jpg,H
Q173.jpg,Q
U97.jpg,U
A224.jpg,A
J153.avi,J
Q164.jpg,Q
O203.jpg,O
A362.jpg,A
K251.jpg,K
W90.jpg,W
L133.jpg,L
N255.jpg,N
J242.avi,J
E490.jpg,E
E350.jpg,E
V159.jpg,V
Y193.jpg,Y
X26.jpg,X
M212.jpg,M
E289.jpg,E
M28.jpg,M
T40.jpg,T
Y61.jpg,Y
G157.jpg,G
K90.jpg,K
K81.jpg,K
D25.jpg,D
T82.jpg,T
L146.jpg,L
W64.jpg,W
F288.jpg,F
P219.jpg,P
L57.jpg,L
N213.jpg,N
I61.jpg,I
A439.jpg,A
E353.jpg,E
T111.jpg,T
X241.jpg,X
C228.jpg,C
C93.jpg,C
A494.jpg,A
M118.jpg,M
W183.jpg,W
R42.jpg,R
C303.jpg,C
M56.jpg,M
T196.jpg,T
J208.avi,J
V133.jpg,V
I114.jpg,I
E94.jpg,E
T60.jpg,T
I20.jpg,I
P46.jpg,P
K244.jpg,K
W298.jpg,W
X168.jpg,X
H359.jpg,H
J306.avi,J
U124.jpg,U
O281.jpg,O
M121.jpg,M
A508.jpg,A
F311.jpg,F
Q106.jpg,Q
S51.jpg,S
I326.jpg,I
C184.jpg,C
I322.jpg,I
H288.jpg,H
Q87.jpg,Q
U115.jpg,U
L181.jpg,L
E250.jpg,E
G197.jpg,G
N270.jpg,N
N7.jpg,N
R110.jpg,R
T125.jpg,T
A274.jpg,A
F299.jpg,F
X123.jpg,X
V208.jpg,V
D116.jpg,D
V162.jpg,V
Y112.jpg,Y
B469.jpg,B
G42.jpg,G
X106.jpg,X
H248.jpg,H
H169.jpg,H
Y243.jpg,Y
Q94.jpg,Q
W80.jpg,W
V35.jpg,V
E71.jpg,E
T292.jpg,T
I260.jpg,I
Y246.jpg,Y
Y88.jpg,Y
N265.jpg,N
J181.avi,J
T66.jpg,T
C129.jpg,C
Q181.jpg,Q
B504.jpg,B
Q165.jpg,Q
V131.jpg,V
R285.jpg,R
Z153.avi,Z
J294.avi,J
L235.jpg,L
T104.jpg,T
X25.jpg,X
M201.jpg,M
R14.jpg,R
N29.jpg,N
H129.jpg,H
C163.jpg,C
S68.jpg,S
L323.jpg,L
A460.jpg,A
J292.avi,J
H64.jpg,H
L307.jpg,L
V262.jpg,V
B182.jpg,B
J133.avi,J
I302.jpg,I
I149.jpg,I
F167.jpg,F
I265.jpg,I
Y75.jpg,Y
X282.jpg,X
B160.jpg,B
G26.jpg,G
D18.jpg,D
A504.jpg,A
N260.jpg,N
F370.jpg,F
F3.jpg,F
Q253.jpg,Q
Q269.jpg,Q
F136.jpg,F
W256.jpg,W
B156.jpg,B
W331.jpg,W
W226.jpg,W
W304.jpg,W
Z365.avi,Z
V256.jpg,V
H84.jpg,H
N182.jpg,N
K177.jpg,K
H136.jpg,H
E303.jpg,E
B185.jpg,B
E489.jpg,E
G302.jpg,G
D328.jpg,D
U21.jpg,U
O197.jpg,O
D223.jpg,D
B259.jpg,B
D362.jpg,D
D221.jpg,D
Z30.avi,Z
S76.jpg,S
V20.jpg,V
Z148.avi,Z
Z31.avi,Z
U42.jpg,U
O43.jpg,O
F52.jpg,F
V179.jpg,V
J124.avi,J
K303.jpg,K
Z175.avi,Z
T89.jpg,T
T72.jpg,T
V33.jpg,V
S262.jpg,S
J5.avi,J
A126.jpg,A
X215.jpg,X
S165.jpg,S
E44.jpg,E
L136.jpg,L
Z133.avi,Z
J37.avi,J
W163.jpg,W
L156.jpg,L
G149.jpg,G
F235.jpg,F
E332.jpg,E
K193.jpg,K
P185.jpg,P
T272.jpg,T
E119.jpg,E
V34.jpg,V
U114.jpg,U
Q143.jpg,Q
H171.jpg,H
O309.jpg,O
S10.jpg,S
C155.jpg,C
R22.jpg,R
K277.jpg,K
Q88.jpg,Q
A305.jpg,A
F22.jpg,F
D257.jpg,D
V148.jpg,V
V77.jpg,V
Y16.jpg,Y
M142.jpg,M
E472.jpg,E
Z29.avi,Z
V267.jpg,V
G239.jpg,G
G171.jpg,G
K176.jpg,K
G303.jpg,G
B81.jpg,B
J245.avi,J
D233.jpg,D
H217.jpg,H
B205.jpg,B
T74.jpg,T
K122.jpg,K
L261.jpg,L
Z314.avi,Z
B98.jpg,B
A83.jpg,A
N129.jpg,N
Q184.jpg,Q
O287.jpg,O
E99.jpg,E
B517.jpg,B
J101.avi,J
A153.jpg,A
Z309.avi,Z
L251.jpg,L
E329.jpg,E
I143.jpg,I
C126.jpg,C
I33.jpg,I
V246.jpg,V
A218.jpg,A
P5.jpg,P
F384.jpg,F
A188.jpg,A
L265.jpg,L
S176.jpg,S
C180.jpg,C
L241.jpg,L
I65.jpg,I
O337.jpg,O
T205.jpg,T
C241.jpg,C
K124.jpg,K
W117.jpg,W
O328.jpg,O
W120.jpg,W
Y132.jpg,Y
H268.jpg,H
R206.jpg,R
O342.jpg,O
C305.jpg,C
Q102.jpg,Q
K225.jpg,K
R216.jpg,R
L42.jpg,L
E140.jpg,E
T264.jpg,T
X150.jpg,X
A14.jpg,A
A336.jpg,A
M26.jpg,M
C307.jpg,C
R255.jpg,R
F334.jpg,F
P2.jpg,P
L275.jpg,L
H66.jpg,H
H243.jpg,H
O94.jpg,O
W77.jpg,W
G37.jpg,G
A66.jpg,A
W103.jpg,W
W47.jpg,W
H133.jpg,H
S234.jpg,S
L100.jpg,L
Q5.jpg,Q
C32.jpg,C
P178.jpg,P
Y14.jpg,Y
Q198.jpg,Q
U255.jpg,U
H289.jpg,H
V146.jpg,V
N91.jpg,N
F62.jpg,F
E169.jpg,E
K204.jpg,K
Y236.jpg,Y
K86.jpg,K
I243.jpg,I
O323.jpg,O
E205.jpg,E
P93.jpg,P
Y40.jpg,Y
Y29.jpg,Y
Y109.jpg,Y
X233.jpg,X
H286.jpg,H
V311.jpg,V
Z211.avi,Z
M71.jpg,M
S312.jpg,S
P68.jpg,P
E253.jpg,E
R203.jpg,R
C143.jpg,C
B364.jpg,B
G321.jpg,G
V276.jpg,V
A318.jpg,A
S311.jpg,S
D295.jpg,D
D214.jpg,D
Y295.jpg,Y
E16.jpg,E
V155.jpg,V
B470.jpg,B
J129.avi,J
Z134.avi,Z
X72.jpg,X
Q6.jpg,Q
C356.jpg,C
O182.jpg,O
F64.jpg,F
S13.jpg,S
A135.jpg,A
K263.jpg,K
Z96.avi,Z
I205.jpg,I
W316.jpg,W
F24.jpg,F
O2.jpg,O
E75.jpg,E
C209.jpg,C
B287.jpg,B
Z187.avi,Z
N284.jpg,N
Y205.jpg,Y
Y6.jpg,Y
N164.jpg,N
Z282.avi,Z
L193.jpg,L
B487.jpg,B
J68.avi,J
Y84.jpg,Y
G60.jpg,G
C166.jpg,C
A258.jpg,A
E427.jpg,E
M22.jpg,M
B499.jpg,B
F347.jpg,F
N187.jpg,N
X295.jpg,X
H334.jpg,H
U236.jpg,U
W202.jpg,W
K252.jpg,K
W327.jpg,W
S237.jpg,S
A420.jpg,A
S86.jpg,S
Q166.jpg,Q
X120.jpg,X
I200.jpg,I
L333.jpg,L
P176.jpg,P
Q54.jpg,Q
Z24.avi,Z
J304.avi,J
J188.avi,J
Z350.avi,Z
V132.jpg,V
P74.jpg,P
A375.jpg,A
A395.jpg,A
X111.jpg,X
E356.jpg,E
B19.jpg,B
D228.jpg,D
Y275.jpg,Y
M276.jpg,M
I92.jpg,I
W16.jpg,W
Y81.jpg,Y
I19.jpg,I
G23.jpg,G
C142.jpg,C
B473.jpg,B
D142.jpg,D
B467.jpg,B
Z83.avi,Z
J261.avi,J
N116.jpg,N
J80.avi,J
H328.jpg,H
D279.jpg,D
H141.jpg,H
S103.jpg,S
G185.jpg,G
D91.jpg,D
C233.jpg,C
E70.jpg,E
N88.jpg,N
P17.jpg,P
F278.jpg,F
S27.jpg,S
Q112.jpg,Q
I321.jpg,I
W88.jpg,W
A389.jpg,A
W121.jpg,W
B433.jpg,B
T271.jpg,T
Z168.avi,Z
A469.jpg,A
D82.jpg,D
Z174.avi,Z
F87.jpg,F
L122.jpg,L
Z275.avi,Z
E318.jpg,E
U183.jpg,U
R226.jpg,R
Y271.jpg,Y
R94.jpg,R
A186.jpg,A
L262.jpg,L
S90.jpg,S
O159.jpg,O
F398.jpg,F
Q272.jpg,Q
C262.jpg,C
W55.jpg,W
X244.jpg,X
S305.jpg,S
W293.jpg,W
H310.jpg,H
K129.jpg,K
L330.jpg,L
Z189.avi,Z
H269.jpg,H
C76.jpg,C
U274.jpg,U
F47.jpg,F
K308.jpg,K
E188.jpg,E
G301.jpg,G
F117.jpg,F
D67.jpg,D
S188.jpg,S
K21.jpg,K
F12.jpg,F
P210.jpg,P
Q81.jpg,Q
W312.jpg,W
L213.jpg,L
B6.jpg,B
V268.jpg,V
U0.jpg,U
G167.jpg,G
Y195.jpg,Y
B392.jpg,B
Z230.avi,Z
B369.jpg,B
Z66.avi,Z
R220.jpg,R
W291.jpg,W
Z292.avi,Z
U49.jpg,U
A15.jpg,A
F274.jpg,F
B136.jpg,B
J120.avi,J
J135.avi,J
I6.jpg,I
Z140.avi,Z
D88.jpg,D
N67.jpg,N
X258.jpg,X
A372.jpg,A
Y95.jpg,Y
X116.jpg,X
I298.jpg,I
M33.jpg,M
I274.jpg,I
A437.jpg,A
E54.jpg,E
D256.jpg,D
U203.jpg,U
Z271.avi,Z
E249.jpg,E
N290.jpg,N
A8.jpg,A
Y133.jpg,Y
X229.jpg,X
G137.jpg,G
X60.jpg,X
S5.jpg,S
I264.jpg,I
K182.jpg,K
D196.jpg,D
L5.jpg,L
G273.jpg,G
P96.jpg,P
N215.jpg,N
E393.jpg,E
F53.jpg,F
F317.jpg,F
Q260.jpg,Q
J179.avi,J
H340.jpg,H
V315.jpg,V
I305.jpg,I
N219.jpg,N
L33.jpg,L
S91.jpg,S
B270.jpg,B
H40.jpg,H
X115.jpg,X
A104.jpg,A
Y11.jpg,Y
B216.jpg,B
M80.jpg,M
D343.jpg,D
E270.jpg,E
B400.jpg,B
G7.jpg,G
J190.avi,J
A382.jpg,A
E88.jpg,E
N25.jpg,N
N167.jpg,N
F271.jpg,F
A300.jpg,A
U137.jpg,U
P122.jpg,P
H304.jpg,H
X124.jpg,X
C61.jpg,C
O341.jpg,O
I156.jpg,I
S203.jpg,S
F355.jpg,F
B151.jpg,B
S308.jpg,S
F79.jpg,F
C75.jpg,C
S56.jpg,S
J265.avi,J
E179.jpg,E
B496.jpg,B
G97.jpg,G
W300.jpg,W
K233.jpg,K
M54.jpg,M
V325.jpg,V
L320.jpg,L
I217.jpg,I
G24.jpg,G
O62.jpg,O
M47.jpg,M
T133.jpg,T
J244.avi,J
X237.jpg,X
Y185.jpg,Y
N30.jpg,N
Q9.jpg,Q
J258.avi,J
Q73.jpg,Q
F351.jpg,F
I25.jpg,I
Z385.avi,Z
F101.jpg,F
C310.jpg,C
W221.jpg,W
X98.jpg,X
N132.jpg,N
D153.jpg,D
O153.jpg,O
Q12.jpg,Q
Y312.jpg,Y
W4.jpg,W
U196.jpg,U
B88.jpg,B
X19.jpg,X
B169.jpg,B
V202.jpg,V
H309.jpg,H
I72.jpg,I
E117.jpg,E
A496.jpg,A
U188.jpg,U
A60.jpg,A
H311.jpg,H
J278.avi,J
R158.jpg,R
V270.jpg,V
S162.jpg,S
V217.jpg,V
G78.jpg,G
L39.jpg,L
A268.jpg,A
D117.jpg,D
U230.jpg,U
L291.jpg,L
M36.jpg,M
L158.jpg,L
N229.jpg,N
D162.jpg,D
I123.jpg,I
P173.jpg,P
B127.jpg,B
P181.jpg,P
B21.jpg,B
B357.jpg,B
H96.jpg,H
B330.jpg,B
L206.jpg,L
H313.jpg,H
B225.jpg,B
B246.jpg,B
X82.jpg,X
T239.jpg,T
B28.jpg,B
O290.jpg,O
W192.jpg,W
W207.jpg,W
E48.jpg,E
M231.jpg,M
A296.jpg,A
R281.jpg,R
B152.jpg,B
O172.jpg,O
N121.jpg,N
X203.jpg,X
H87.jpg,H
O336.jpg,O
D293.jpg,D
A400.jpg,A
E225.jpg,E
E243.jpg,E
X308.jpg,X
P41.jpg,P
V59.jpg,V
D40.jpg,D
I49.jpg,I
F116.jpg,F
N50.jpg,N
P204.jpg,P
P79.jpg,P
M73.jpg,M
W214.jpg,W
G135.jpg,G
Q192.jpg,Q
E412.jpg,E
F73.jpg,F
X176.jpg,X
V22.jpg,V
T279.jpg,T
P157.jpg,P
E116.jpg,E
I35.jpg,I
D246.jpg,D
T91.jpg,T
N168.jpg,N
F191.jpg,F
E196.jpg,E
Y270.jpg,Y
B350.jpg,B
O196.jpg,O
B521.jpg,B
L115.jpg,L
T184.jpg,T
T85.jpg,T
Y232.jpg,Y
G209.jpg,G
W336.jpg,W
C92.jpg,C
Z126.avi,Z
Y215.jpg,Y
S209.jpg,S
H148.jpg,H
J166.avi,J
T227.jpg,T
C202.jpg,C
J73.avi,J
C232.jpg,C
J313.avi,J
V53.jpg,V
S151.jpg,S
B331.jpg,B
E3.jpg,E
W283.jpg,W
A236.jpg,A
E467.jpg,E
W116.jpg,W
X280.jpg,X
E478.jpg,E
A462.jpg,A
L128.jpg,L
F244.jpg,F
Z143.avi,Z
A4.jpg,A
G323.jpg,G
V301.jpg,V
U185.jpg,U
S61.jpg,S
Q247.jpg,Q
A381.jpg,A
B336.jpg,B
B235.jpg,B
Z375.avi,Z
V36.jpg,V
F263.jpg,F
H53.jpg,H
G119.jpg,G
Z34.avi,Z
M138.jpg,M
T29.jpg,T
W135.jpg,W
B60.jpg,B
C350.jpg,C
P71.jpg,P
H109.jpg,H
P188.jpg,P
B345.jpg,B
B82.jpg,B
H59.jpg,H
B187.jpg,B
I267.jpg,I
Y72.jpg,Y
D370.jpg,D
D126.jpg,D
N62.jpg,N
E204.jpg,E
H27.jpg,H
H111.jpg,H
H270.jpg,H
G172.jpg,G
X59.jpg,X
Z179.avi,Z
D271.jpg,D
V12.jpg,V
S240.jpg,S
Z339.avi,Z
M160.jpg,M
A175.jpg,A
J250.avi,J
Q176.jpg,Q
U226.jpg,U
Y23.jpg,Y
M145.jpg,M
E222.jpg,E
Y104.jpg,Y
C352.jpg,C
I46.jpg,I
Z64.avi,Z
X279.jpg,X
F226.jpg,F
F312.jpg,F
J94.avi,J
W38.jpg,W
M194.jpg,M
J89.avi,J
B381.jpg,B
U93.jpg,U
C185.jpg,C
C299.jpg,C
Y258.jpg,Y
O214.jpg,O
F148.jpg,F
H279.jpg,H
M39.jpg,M
U38.jpg,U
E98.jpg,E
C324.jpg,C
B249.jpg,B
X192.jpg,X
B184.jpg,B
S257.jpg,S
D319.jpg,D
O190.jpg,O
E128.jpg,E
M92.jpg,M
C79.jpg,C
T68.jpg,T
Y268.jpg,Y
J60.avi,J
B248.jpg,B
S199.jpg,S
Z252.avi,Z
C313.jpg,C
S83.jpg,S
E480.jpg,E
S18.jpg,S
L137.jpg,L
F228.jpg,F
D163.jpg,D
F178.jpg,F
B61.jpg,B
N198.jpg,N
L129.jpg,L
F212.jpg,F
Y178.jpg,Y
Q127.jpg,Q
E262.jpg,E
O101.jpg,O
X161.jpg,X
O279.jpg,O
H216.jpg,H
T38.jpg,T
M63.jpg,M
S230.jpg,S
X139.jpg,X
Q28.jpg,Q
K1.jpg,K
B17.jpg,B
G113.jpg,G
F217.jpg,F
A394.jpg,A
F41.jpg,F
F68.jpg,F
K95.jpg,K
N111.jpg,N
H187.jpg,H
T244.jpg,T
V157.jpg,V
S127.jpg,S
N262.jpg,N
C36.jpg,C
Q91.jpg,Q
W259.jpg,W
F333.jpg,F
E433.jpg,E
Y154.jpg,Y
P115.jpg,P
R258.jpg,R
M163.jpg,M
L174.jpg,L
N56.jpg,N
E428.jpg,E
Z268.avi,Z
B323.jpg,B
E440.jpg,E
U103.jpg,U
X184.jpg,X
A388.jpg,A
C301.jpg,C
K49.jpg,K
X4.jpg,X
R116.jpg,R
I294.jpg,I
W72.jpg,W
P202.jpg,P
Q55.jpg,Q
W173.jpg,W
P95.jpg,P
O53.jpg,O
F180.jpg,F
B425.jpg,B
W139.jpg,W
D78.jpg,D
H338.jpg,H
K103.jpg,K
C176.jpg,C
B498.jpg,B
I103.jpg,I
E107.jpg,E
H191.jpg,H
E141.jpg,E
J56.avi,J
J15.avi,J
U162.jpg,U
S177.jpg,S
I129.jpg,I
A187.jpg,A
K97.jpg,K
D99.jpg,D
F171.jpg,F
K25.jpg,K
T84.jpg,T
H71.jpg,H
J20.avi,J
G158.jpg,G
A531.jpg,A
E198.jpg,E
Z21.avi,Z
W222.jpg,W
W219.jpg,W
C196.jpg,C
O128.jpg,O
H299.jpg,H
K66.jpg,K
Q29.jpg,Q
H140.jpg,H
I300.jpg,I
I345.jpg,I
R144.jpg,R
O37.jpg,O
E386.jpg,E
X291.jpg,X
F39.jpg,F
P50.jpg,P
U193.jpg,U
L44.jpg,L
O308.jpg,O
B292.jpg,B
N20.jpg,N
L134.jpg,L
D74.jpg,D
V266.jpg,V
T254.jpg,T
K116.jpg,K
E197.jpg,E
O136.jpg,O
G117.jpg,G
I1.jpg,I
E8.jpg,E
I54.jpg,I
F277.jpg,F
R115.jpg,R
V152.jpg,V
E494.jpg,E
J297.avi,J
S192.jpg,S
P82.jpg,P
H3.jpg,H
V278.jpg,V
M9.jpg,M
Y166.jpg,Y
G204.jpg,G
T35.jpg,T
L61.jpg,L
I213.jpg,I
E470.jpg,E
G81.jpg,G
S166.jpg,S
H13.jpg,H
A102.jpg,A
Y141.jpg,Y
W333.jpg,W
H278.jpg,H
M89.jpg,M
Y169.jpg,Y
Z278.avi,Z
B329.jpg,B
C187.jpg,C
A233.jpg,A
B342.jpg,B
T241.jpg,T
W131.jpg,W
D122.jpg,D
Q267.jpg,Q
S218.jpg,S
O49.jpg,O
O148.jpg,O
G52.jpg,G
D98.jpg,D
K292.jpg,K
D181.jpg,D
X32.jpg,X
B212.jpg,B
W329.jpg,W
B395.jpg,B
N104.jpg,N
U79.jpg,U
A43.jpg,A
Y77.jpg,Y
Q16.jpg,Q
S236.jpg,S
T62.jpg,T
G332.jpg,G
C157.jpg,C
M114.jpg,M
A63.jpg,A
G180.jpg,G
W194.jpg,W
J151.avi,J
C382.jpg,C
T261.jpg,T
Q124.jpg,Q
G234.jpg,G
F232.jpg,F
Z283.avi,Z
O258.jpg,O
K223.jpg,K
H42.jpg,H
E166.jpg,E
B382.jpg,B
S2.jpg,S
C33.jpg,C
W213.jpg,W
D19.jpg,D
S214.jpg,S
V88.jpg,V
J66.avi,J
E398.jpg,E
Z300.avi,Z
Z306.avi,Z
W249.jpg,W
B447.jpg,B
B288.jpg,B
B62.jpg,B
P195.jpg,P
K281.jpg,K
N103.jpg,N
V130.jpg,V
L314.jpg,L
V98.jpg,V
J105.avi,J
A162.jpg,A
W208.jpg,W
F1.jpg,F
M211.jpg,M
H240.jpg,H
W60.jpg,W
U170.jpg,U
U245.jpg,U
Q234.jpg,Q
K13.jpg,K
K165.jpg,K
I37.jpg,I
Z349.avi,Z
K309.jpg,K
C386.jpg,C
L300.jpg,L
V274.jpg,V
X43.jpg,X
I275.jpg,I
W282.jpg,W
G293.jpg,G
M193.jpg,M
A46.jpg,A
X7.jpg,X
G156.jpg,G
P107.jpg,P
C144.jpg,C
S52.jpg,S
D134.jpg,D
Z361.avi,Z
E5.jpg,E
A239.jpg,A
K30.jpg,K
N289.jpg,N
P39.jpg,P
M97.jpg,M
B260.jpg,B
T191.jpg,T
R11.jpg,R
F158.jpg,F
L274.jpg,L
O55.jpg,O
R7.jpg,R
L331.jpg,L
N57.jpg,N
E297.jpg,E
E175.jpg,E
M245.jpg,M
S94.jpg,S
T32.jpg,T
M250.jpg,M
V119.jpg,V
F358.jpg,F
L266.jpg,L
U26.jpg,U
F250.jpg,F
J167.avi,J
S124.jpg,S
S174.jpg,S
F114.jpg,F
C351.jpg,C
D300.jpg,D
A530.jpg,A
S88.jpg,S
L198.jpg,L
R98.jpg,R
N139.jpg,N
S125.jpg,S
B431.jpg,B
Y66.jpg,Y
V42.jpg,V
C68.jpg,C
L27.jpg,L
F215.jpg,F
I291.jpg,I
W40.jpg,W
S104.jpg,S
Y153.jpg,Y
O103.jpg,O
K227.jpg,K
V205.jpg,V
T262.jpg,T
G95.jpg,G
C312.jpg,C
K29.jpg,K
P88.jpg,P
I174.jpg,I
R169.jpg,R
J77.avi,J
H154.jpg,H
A338.jpg,A
Z386.avi,Z
Q67.jpg,Q
L32.jpg,L
I187.jpg,I
A323.jpg,A
L267.jpg,L
V161.jpg,V
M265.jpg,M
N52.jpg,N
J161.avi,J
P55.jpg,P
E397.jpg,E
L309.jpg,L
L298.jpg,L
M65.jpg,M
R211.jpg,R
L290.jpg,L
F43.jpg,F
Y128.jpg,Y
M119.jpg,M
M125.jpg,M
E367.jpg,E
B397.jpg,B
T88.jpg,T
P47.jpg,P
Z316.avi,Z
H9.jpg,H
F216.jpg,F
R253.jpg,R
I314.jpg,I
A206.jpg,A
Y262.jpg,Y
P38.jpg,P
K317.jpg,K
H197.jpg,H
C167.jpg,C
F218.jpg,F
U144.jpg,U
T41.jpg,T
A3.jpg,A
I323.jpg,I
O300.jpg,O
O20.jpg,O
R252.jpg,R
B335.jpg,B
G15.jpg,G
